LONGITUDE,LATITUDE,CLASS,ASPECT1,ELEVATION1,GEOLOGY1,LULC1,NDVI1,RAINFALL1,ROAD1,SLOPE1,SOIL1,STREAM1
88.623639,27.61775,1,26,1739.28051757812,4,10,0.057698804885149,1510.91088867188,5,20,3,1
88.618861,27.619722,1,56,1781.47973632812,4,6.82406187057495,0.110410153865814,1508.87573242188,5,30,3,1
88.618694,27.621806,1,86,1806.30969238281,4,3.02112340927124,0.239090770483017,1508.87573242188,5,29,3,1
88.619833,27.629944,1,239,1887.97448730469,4.5821852684021,6.80293846130371,0.286181926727295,1510.55163574219,5,38,1,1
88.685306,27.628083,1,164,2047.95361328125,5,9,0.324781715869904,1544.43505859375,5,36,1,1
88.695194,27.629361,1,180,2076.49755859375,5,9,0.318440854549408,1552.07922363281,5,29,2,1
88.692778,27.6295,1,179,2052.05639648438,5,1,0.342947393655777,1552.07922363281,5,48,2,1
88.612,27.641139,1,248,1878.89624023438,4,10,0.131002277135849,1508.79260253906,5,26,1,1
88.712028,27.637167,1,130,2261.86328125,5,8.99900245666504,0.308668464422226,1563.95288085938,5,27,2,1
88.711694,27.638694,1,100,2288.14575195312,5,4.81138753890991,0.285452455282211,1561.11889648438,5,28,1,1
88.607,27.652861,1,260,1948.17517089844,4,10,0.185602992773056,1507.134765625,5,43,1,1
88.602556,27.662444,1,195,2063.34838867188,4,3,0.198729887604713,1505.57604980469,5,25,1,1
88.597194,27.676722,1,227,2206.16430664062,4,8,0.28732642531395,1503.80932617188,5,34,1,1
88.733417,27.675778,1,145,2592.7177734375,5,3.70855641365051,0.200697258114815,1558.3447265625,5,30,1,1
88.73875,27.686389,1,146,2643.43774414062,5,3.00299334526062,0.171698153018951,1553.15417480469,5,34,1,1
88.57025,27.697139,1,4,2347.7783203125,5,8,0.113534733653069,1440.45361328125,5,19,1,1
88.566083,27.700444,1,59,2401.7021484375,5,8,0.202773064374924,1440.20849609375,5,37,3,1
88.565083,27.701333,1,30,2393.81176757812,5,8,0.167922168970108,1440.20849609375,5,37,1,1
88.562306,27.703917,1,29,2411.33740234375,5,7.99501085281372,0.0235488452017307,1429.49096679688,5,27,1,1
88.56175,27.704028,1,48,2440.22387695312,5,3.02212119102478,0.152439847588539,1430.30517578125,5,26,1,1
88.560694,27.704306,1,89,2512.31298828125,5,3,0.188126534223557,1440.03088378906,5,36,1,1
88.557361,27.713944,1,134,2588.75390625,5,3,0.187465444207191,1427.41528320312,5,37,3,1
88.550472,27.723611,1,128,2721.85205078125,5,3,0.217341989278793,1426.36181640625,5,29,3,1
88.552861,27.724222,1,133,2674.28173828125,5,2.52962470054626,0.173229441046715,1425.10498046875,5,32,3,1
88.54975,27.726083,1,349,2708.37524414062,5,7.99501085281372,0.0019074603915214,1426.36181640625,5,17,3,1
88.551667,27.728472,1,146,2665.03564453125,5,7.3241138458252,0.213447481393814,1423.38916015625,5,21,3,1
88.54925,27.735278,1,73,2737.677734375,5,6.82406187057495,0.146128699183464,1422.62353515625,5,43,3,1
88.54525,27.74075,1,72,2767.076171875,5,1.0064537525177,0.0916992872953415,1421.97497558594,5,31,3,1
88.545361,27.740944,1,80,2768.46166992188,5,1.47237086296082,0.103703208267689,1421.97497558594,5,32,3,1
88.544278,27.745194,1,71,2804.33056640625,5,6.81907272338867,0.0720614790916443,1420.0634765625,5,26,3,1
88.542972,27.749111,1,67,2816.30932617188,5,6.81907272338867,0.101353973150253,1418.17883300781,5,36,3,1
88.587361,27.516444,1,338,1470.38940429688,5,8,0.148383423686028,1403.7255859375,5,25,1,1
88.590778,27.527333,1,249,1505.37292480469,5,8,0.215618923306465,1414.96252441406,5,40,1,1
88.603222,27.527194,1,9,1480.90649414062,5,8,0.0255037602037191,1425.07299804688,5,38,1,1
88.60225,27.527917,1,11,1482.18017578125,5,8,0.095651850104332,1425.07299804688,5,49,1,1
88.607972,27.527722,1,276,1531.07177734375,5,8,0.0417919978499413,1428.71960449219,5,46,1,1
88.600833,27.528722,1,36,1474.685546875,5,8,0.127860456705093,1426.68762207031,5,41,1,1
88.598139,27.529639,1,35,1458.36303710938,5,8,0.146206915378571,1426.68762207031,5,18,4,1
88.497972,27.535333,1,1,930.432739257812,4,10,0.0417891629040241,1376.1982421875,5,42,1,1
88.606333,27.531667,1,266,1446.68371582031,5,8,0.200649291276932,1430.12475585938,5,45,1,1
88.609278,27.533722,1,302,1418.24694824219,4,8,0.0225947853177786,1438.51086425781,5,46,1,1
88.610194,27.535056,1,312,1410.83435058594,4,8,0.03374133259058,1438.51086425781,5,35,1,1
88.58475,27.54375,1,279,1587.60241699219,5,8,0.111133866012096,1432.43188476562,5,38,1,1
88.585194,27.545861,1,236,1700.01171875,5,8.23941230773926,0.333656787872314,1432.43188476562,5,37,1,1
88.628306,27.5435,1,37,1295.482421875,5,10,0.290643453598022,1462.6513671875,5,21,1,1
88.586472,27.546333,1,213,1780.01489257812,5,8,0.335413694381714,1432.43188476562,5,30,1,1
88.602667,27.547111,1,91,1724.85461425781,5,8.99577522277832,0.282872706651688,1444.16589355469,5,33,4,1
88.636,27.545694,1,346,1366.40551757812,5,10,0.0773584544658661,1466.70678710938,5,23,1,1
88.583556,27.549194,1,208,1814.56164550781,5,8.2384147644043,0.315701246261597,1437.02917480469,5,35,1,1
88.641944,27.548417,1,320,1330.54284667969,5,10,0.0724118202924728,1483.8984375,5,35,1,1
88.644889,27.549306,1,4,1317.98962402344,5,10,0.0527466498315334,1484.64624023438,5,30,1,1
88.577194,27.553583,1,103,1877.48425292969,5,7.58787631988525,0.316299706697464,1439.2099609375,5,44,4,1
88.581222,27.553556,1,260,1844.70239257812,5,8.76058769226074,0.313729256391525,1439.2099609375,5,31,1,1
88.646056,27.550917,1,191,1377.48913574219,5,7.11849880218506,0.363730221986771,1484.64624023438,5,38,1,1
88.622306,27.552861,1,188,1740.32507324219,4,3.02212119102478,0.172579646110535,1462.84533691406,5,21,1.24759674072266,1
88.653528,27.552528,1,143,1398.11022949219,4,10,0.282266497612,1492.55676269531,5,28,1,1
88.647556,27.55525,1,200,1720.15771484375,4,9,0.308728456497192,1492.10864257812,5,34,1,1
88.654444,27.554889,1,120,1461.51599121094,4,10,0.335841298103333,1496.083984375,5,26,1,1
88.651417,27.575444,1,101,1614.13049316406,4,1.47536432743073,0.33911070227623,1504.38122558594,5,39,2.82186341285706,1
88.652028,27.609056,1,140,1659.88635253906,4,9,0.311927437782288,1522.10998535156,5,34,2,1
88.655222,27.611333,1,158,1687.15771484375,4,9,0.30206111073494,1522.41467285156,5,38,2,1
88.656528,27.613444,1,163,1767.04016113281,4,2.91529846191406,0.288539469242096,1523.60668945312,5,32,2,1
88.356861,27.400278,1,255,1558.62573242188,9,8,0.254289120435715,1045.80395507812,5,27,1,1
88.513694,27.441056,1,270,813.943542480469,9,8,0.121472053229809,1194.81384277344,5,36,1,1
88.514389,27.438389,1,248,772.469299316406,9,4.19706153869629,0.138187289237976,1186.24853515625,5,31,1,1
88.514,27.426,1,245,670.874633789062,9,8,0.195323526859283,1154.93090820312,5,37,1,1
88.514528,27.433083,1,271,734.899230957031,9,8,0.109840884804726,1168.33544921875,5,51,1,1
88.515167,27.435944,1,274,766.072875976562,9,8,0.0309681817889214,1181.6396484375,5,48,1,1
88.515944,27.420028,1,286,640.878356933594,9,8,0.0609975978732109,1141.45983886719,5,38,1,1
88.516611,27.411306,1,258,585.984497070312,9,9.52962493896484,0.121627390384674,1114.47790527344,5,51,1,1
88.519667,27.448306,1,286,864.534851074219,9,8,0.0230509415268898,1223.55871582031,5,34,1,1
88.517528,27.395556,1,301,744.974548339844,9,8,0.0896533131599426,1095.92834472656,5,27,1,1
88.523472,27.461694,1,276,942.290161132812,9,8,0.206333681941032,1261.39404296875,5,34,1,1
88.519167,27.397083,1,314,754.326171875,9,8,0.0659500136971474,1095.92834472656,5,26,1.24759674072266,1
88.528472,27.4795,1,231,886.468078613281,9,8,0.246396914124489,1309.64697265625,5,30,1,1
88.52875,27.482583,1,289,927.988647460938,9,8,0.10573997348547,1309.64697265625,5,31,1,1
88.529528,27.482583,1,308,961.280334472656,9,8,0.154178813099861,1309.64697265625,5,25,1,1
88.526639,27.436556,1,272,1285.84240722656,9,6.82406187057495,0.194309264421463,1207.63757324219,5,24,1,1
88.527028,27.438139,1,280,1282.26867675781,9,8,0.148790761828423,1212.39074707031,5,22,1,1
88.527444,27.438778,1,281,1283.50524902344,9,8,0.217885851860046,1220.15197753906,5,27,1,1.39763343334198
88.530667,27.481083,1,205,1029.55200195312,9,3.02112340927124,0.196233138442039,1309.64697265625,5,24,1,1
88.531194,27.480472,1,174,992.490661621094,9,7.98386573791504,0.268126338720322,1309.64697265625,5,32,1,1
88.53269,27.48603,1,219,1057.67321777344,9,8,0.248371213674545,1323.08532714844,5,23,1.74279022216797,2
88.5375,27.502,1,345,1228.28784179688,9,7.97465181350708,0.149261966347694,1353.48083496094,5,28,1,2
88.53848,27.5091,1,307,1224.63647460938,9,8,0.193300664424896,1370.2119140625,5,31,1,1.39763343334198
88.539667,27.517278,1,310,1318.27026367188,8,8,0.0539335682988167,1378.17163085938,5,25,1,1
88.542889,27.517306,1,20,1303.2919921875,8,8,0.162097781896591,1379.89892578125,5,36,1,2
88.54371,27.4097,1,213,1500.54931640625,8,6.82406187057495,0.330327153205872,1178.28039550781,5,34,1,2
88.543722,27.409861,1,211,1522.732421875,8,4.19706153869629,0.343261450529099,1178.28039550781,5,40,1,2
88.543722,27.409667,1,213,1500.54931640625,8,6.82406187057495,0.330327153205872,1178.28039550781,5,34,1,2
88.56456,27.5152,1,18,1386.97436523438,4,5.30288648605347,0.238982886075974,1388.72497558594,5,24,1,2
88.565472,27.514972,1,355,1393.91259765625,4,8,0.106909826397896,1388.72497558594,5,32,1,2
88.571167,27.40825,1,103,1651.47375488281,9,2,0.281389564275742,1221.06713867188,5,31,1,2
88.583028,27.426361,1,169,1652.40270996094,9,8.23618507385254,0.265330255031586,1273.73510742188,5,12,1,1
88.601694,27.437889,1,62,1789.89038085938,7.23478174209595,8,0.260543048381805,1307.77294921875,5,28,1,1
88.611667,27.429556,1,261,1518.83776855469,9,6.82406187057495,0.120687000453472,1313.39367675781,5,30,1,1
88.613972,27.437444,1,212,1577.533203125,5,8.00099754333496,0.273141980171204,1325.287109375,5,28,4,1
88.614583,27.398083,1,184,1611.37365722656,9,8.00099754333496,0.378902941942215,1279.66589355469,5,43,1,2
88.616083,27.418472,1,185,1390.02111816406,9,6.82406187057495,0.302430093288422,1307.22595214844,5,15,1,1
88.616778,27.418667,1,182,1395.70812988281,6.67125988006592,8.23518753051758,0.260942250490189,1312.57263183594,5,25,1,1
88.621083,27.417444,1,170,1386.08447265625,5,8.23941230773926,0.365061044692993,1307.35119628906,5,43,1,1
88.621222,27.417389,1,170,1386.08447265625,5,8.23941230773926,0.365061044692993,1307.35119628906,5,43,1,1
88.622361,27.417306,1,198,1391.61779785156,5,8.23941230773926,0.299272567033768,1312.9501953125,5,29,1,1
88.621667,27.395639,1,174,1599.61962890625,5,8.97465229034424,0.329342871904373,1291.71520996094,5,42,3.73279523849487,1
88.623333,27.418,1,97,1401.7998046875,5,8,0.293894588947296,1312.9501953125,5,25,1,1
88.623361,27.417972,1,97,1401.7998046875,5,8,0.293894588947296,1312.9501953125,5,25,1,1
88.623389,27.417778,1,90,1396.49694824219,5,8.76381492614746,0.304818868637085,1312.9501953125,5,19,1,1
88.623556,27.3955,1,211,1607.12121582031,5,8.99677276611328,0.351628959178925,1292.181640625,5,26,4,1
88.623583,27.395444,1,211,1607.12121582031,5,8.99677276611328,0.351628959178925,1292.181640625,5,26,4,1
88.62525,27.394,1,176,1588.63171386719,5,9,0.394948184490204,1292.181640625,5,37,4,1
88.626944,27.412111,1,334,1402.33984375,5,8,0.175240904092789,1312.45751953125,5,33,1,1
88.627083,27.412111,1,339,1411.78698730469,5,8,0.140559062361717,1312.87060546875,5,33,1,1
88.635278,27.393056,1,182,1580.92565917969,5,8.76481246948242,0.263361632823944,1330.55236816406,5,41,1,1
88.639611,27.384444,1,307,1648.71960449219,5,8,0.0889851674437523,1329.19384765625,5,30,1,1
88.691806,27.381556,1,210,3082.97900390625,5,1.00498902797699,0.0824642702937126,1337.52905273438,5,37,1,2
88.702611,27.383361,1,191,3175.61352539062,5,5.28176307678223,0.180214017629623,1337.06616210938,5,39,1,2
88.726,27.380806,1,192,3580.14184570312,5,6.81907272338867,0.223863571882248,1328.22534179688,5,37,1,1
88.770083,27.378306,1,156,3817.49340820312,5,1.00498902797699,0.0943864360451698,1335.96069335938,5,23,1,2
88.799667,27.376222,1,115,3936.6396484375,5,1.02112329006195,0.153976604342461,1398.1533203125,5,42,1,1
88.808694,27.38375,1,59,3936.32885742188,5,3,0.10562402009964,1451.88562011719,5,31,1,1
88.812361,27.380861,1,252,3984.11499023438,5,5.98732614517212,0.0915742069482803,1458.21923828125,5,17,1,1
88.711167,27.368194,1,246,3167.75952148438,5,8,0.037780549377203,1310.32531738281,5,33,1,1
88.711278,27.368278,1,232,3181.369140625,5,3.02112340927124,0.0770465731620789,1312.79809570312,5,23,1,1
88.704778,27.258222,1,127,1212.64318847656,5,7.5306224822998,0.269478350877762,1315.50207519531,10,21,1,1
88.706167,27.256,1,75,1164.62487792969,5,8,0.136588141322136,1316.83801269531,10,29,1,1
88.714917,27.369333,1,144,3202.86694335938,5,2,0.087875597178936,1314.74609375,5,19,1,1
88.711,27.25475,1,257,1007.49792480469,5,4.18092727661133,0.109151981770992,1316.841796875,5,19,1,1
88.711722,27.259833,1,229,1129.69677734375,5,8,0.10213690251112,1311.91516113281,10,40,1,1
88.720028,27.373083,1,126,3278.81127929688,5,3.02112340927124,0.204636454582214,1315.17321777344,5,27,1,1
88.721944,27.373472,1,151,3270.07543945312,5,3.71823692321777,0.159798428416252,1318.88586425781,5,29,4,1
88.726722,27.375833,1,180,3329.3544921875,5,5.28675222396851,0.208058431744576,1318.88586425781,5,28,1,1
88.728278,27.375028,1,227,3373.26000976562,5,4.19706153869629,0.0658256709575653,1317.46630859375,5,22,3.25720977783203,1
88.731722,27.373472,1,197,3406.7724609375,5,3,0.143306151032448,1316.62487792969,5,10,1,1
88.739139,27.372806,1,189,3491.48974609375,5,5.29144382476807,0.175841078162193,1305.90100097656,5,44,1,1
88.766167,27.376861,1,180,3784.91259765625,5,6,0.135545432567596,1325.92541503906,5,27,1,2
88.776028,27.367111,1,161,3903.3857421875,5,4.80939197540283,0.133299082517624,1315.83386230469,5,23,1,2
88.782889,27.37475,1,140,3904.0390625,5,5.98732614517212,0.13688151538372,1357.04028320312,5,14,1,2
88.787333,27.364583,1,163,3867.78344726562,5,4.81907272338867,0.096345417201519,1345.51525878906,5,27,1,1
88.786667,27.263278,1,227,3390.82739257812,5,3,0.10469776391983,1370.11755371094,5,36,1,3
88.786111,27.253528,1,207,3125.77563476562,5,1.94075059890747,0.107418656349182,1376.49194335938,5,22,1,2
88.794611,27.368917,1,118,3908.57934570312,5,5.98732614517212,0.13831852376461,1369.27026367188,5,27,2,1
88.788278,27.265389,1,211,3528.64794921875,5,2.99800443649292,0.169400930404663,1360.23779296875,5,34,1,3
88.788778,27.2615,1,231,3373.66015625,5,2.54229879379272,0.137257725000381,1377.318359375,5,10,1,3
88.789556,27.26525,1,226,3572.72045898438,5,6.82406187057495,0.151066794991493,1360.23779296875,5,39,1,3
88.792667,27.264694,1,237,3608.0498046875,5,5,0.200265258550644,1372.97961425781,5,39,1,3
88.804278,27.279972,1,172,3691.88916015625,5,2.17593836784363,0.111912950873375,1377.80444335938,5,35,1,2
88.816111,27.288667,1,218,3760.294921875,5,6,0.116940051317215,1401.23706054688,5,24,1,2
88.820417,27.292583,1,146,3787.28247070312,5,6,0.104333713650703,1423.02917480469,5,18,1,2
88.834917,27.364722,1,138,3860.42822265625,5,3,0.128699287772179,1512.63989257812,5,31,1,1
88.839306,27.361583,1,288,3834.41967773438,5,3.01613426208496,0.0659917891025543,1530.60864257812,5,55,1,1
88.8365,27.3145,1,161,4095.166015625,5,6,0.113592855632305,1482.30126953125,5,24,1,2
88.840194,27.358583,1,229,3841.12817382812,5,5.98732614517212,0.110709317028522,1530.60864257812,5,37,1,1
88.621833,27.337194,1,133,1783.5712890625,9,2,0.115202330052853,1286.36157226562,5,11,4,2
88.625278,27.375806,1,8,1840.09936523438,5,8,0.0505143664777279,1305.28527832031,5,21,1,2
88.626194,27.341444,1,189,1982.76647949219,5,2,0.261598438024521,1289.2548828125,5,27,1,2
88.629583,27.376306,1,328,1811.23864746094,5,8,0.0185074154287577,1311.17663574219,5,40,1,2
88.628389,27.340917,1,154,1986.02807617188,5,2,0.173083871603012,1295.28063964844,5,21,1,2
88.631083,27.378611,1,282,1824.59826660156,5,6.82406187057495,0.169377565383911,1315.17944335938,5,41,1,2
88.632611,27.381278,1,311,1787.51831054688,5,8,0.0242665261030197,1320.39965820312,5,41,1,1
88.633083,27.383806,1,303,1748.19360351562,5,8,0.096804715692997,1324.58068847656,5,33,1,1
88.640333,27.381917,1,239,1689.73095703125,5,8,0.223261296749115,1325.00122070312,5,30,1,2
88.640633,27.381078,1,280,1710.41271972656,5,8,0.0418284498155117,1325.00122070312,5,28,1,2
88.642056,27.293556,1,165,1460.65258789062,8,2,0.340302348136902,1291.32543945312,5,31,2.50480651855469,1
88.648917,27.329472,1,14,1403.37084960938,5,8,0.301919013261795,1306.9482421875,5,23,1,1
88.649278,27.329361,1,338,1393.23449707031,5,8,0.251151382923126,1306.9482421875,5,17,1,1
88.655167,27.365056,1,191,2341.63891601562,5,3.0243501663208,0.211522087454796,1323.14172363281,5,17,1,2
88.65975,27.257083,1,175,1650.42565917969,5,9,0.383391410112381,1299.89428710938,5,18,1,2
88.673611,27.370278,1,154,2506.98046875,5,2,0.155802950263023,1330.51416015625,5,22,1,2
88.677167,27.371806,1,235,2563.134765625,5,1.0079824924469,0.225481078028679,1329.90930175781,5,32,2,2
88.67925,27.370083,1,236,2595.02880859375,5,3,0.168410897254944,1329.90930175781,5,25,2,2
88.679444,27.37075,1,238,2635.5234375,5,3,0.221008032560349,1329.90930175781,5,27,2,2
88.683167,27.370861,1,141,2721.970703125,5,4.41711282730103,0.259918600320816,1328.77917480469,5,27,2,2
88.686417,27.370472,1,218,2766.18676757812,5,7.97887659072876,0.104999028146267,1328.77917480469,5,47,2,2
88.688944,27.372278,1,209,2989.189453125,5,3.02112340927124,0.178919538855553,1327.18090820312,5,32,2,1
88.690444,27.381306,1,154,3102.841796875,5,1,0.145875737071037,1338.99328613281,5,32,1,2
88.691583,27.369306,1,137,2803.271484375,5,3,0.266417324542999,1327.18090820312,5,29,2,1
88.697222,27.378417,1,205,3080.1328125,5,1.0064537525177,0.147924333810806,1331.51000976562,5,25,1,1
88.699611,27.378667,1,188,3079.47998046875,5,3.70556306838989,0.132036045193672,1335.99133300781,5,6,1.91093170642853,1
88.696583,27.257083,1,139,1408.78076171875,4,8.00099754333496,0.217856496572495,1316.37280273438,10,20,4,1
88.697556,27.257139,1,171,1383.564453125,4,2.54898595809937,0.253870964050293,1316.70642089844,10,32,4,1
88.708028,27.375139,1,301,3176.5244140625,5,8,-0.0030911599751561,1324.88049316406,5,44,1,1
88.709722,27.371472,1,227,3137.78466796875,5,3,0.0712208300828934,1317.39367675781,5,39,1,1
88.710111,27.370972,1,247,3168.76123046875,5,3.01613426208496,0.0780257284641266,1317.39367675781,5,49,1,1
88.390889,27.254917,1,79,1790.60656738281,9,8,0.281300008296967,957.123962402344,5,24,1,2
88.388944,27.255389,1,60,1853.3388671875,9,8,0.311987519264221,957.123962402344,5,23,1,2
88.396944,27.255167,1,115,1591.02404785156,9,8.00099754333496,0.381216436624527,939.726684570312,5,21,1,1
88.418889,27.257417,1,146,855.578979492188,9,9,0.305361807346344,912.324890136719,5,37,1,1
88.381361,27.26,1,356,1553.54650878906,9,8,0.0264448747038841,967.186340332031,5,27,1,1
88.423028,27.259306,1,171,818.597961425781,11,9,0.271567404270172,894.095581054688,5,29,1,1
88.377139,27.263194,1,20,1572.6240234375,9,8,0.221301153302193,956.775329589844,5,31,1,1
88.4305,27.262056,1,91,645.049133300781,11,3.0243501663208,0.281394720077515,887.265502929688,5,29,1,1
88.430139,27.270056,1,351,473.755340576172,9,8,0.0487292446196079,861.062805175781,5,36,2,1
88.394139,27.272056,1,140,1030.51525878906,9,8.23941230773926,0.397200584411621,913.351196289062,5,26,1,1
88.389528,27.273083,1,144,1220.91723632812,9,9,0.412507086992264,924.26806640625,5,29,1,1
88.430389,27.271583,1,172,485.710540771484,9,9,0.351574152708054,861.062805175781,5,26,2,1
88.398722,27.273861,1,92,941.096008300781,9,8,0.336917608976364,892.007507324219,5,38,1,1
88.398722,27.276167,1,70,882.775329589844,9,8,0.333291739225388,892.007507324219,5,39,1,1
88.436472,27.279889,1,123,568.727355957031,9,8.76381492614746,0.276478141546249,834.427978515625,5,40,1,1
88.370056,27.28425,1,102,1933.27587890625,9,8,0.216198563575745,932.905639648438,10,30,1,2
88.415028,27.282,1,165,1392.10119628906,9,7.99823760986328,0.366749733686447,851.641235351562,5,41,2,2
88.369444,27.287194,1,86,1947.58996582031,9,8,0.253639072179794,932.905639648438,10,35,1,2
88.388472,27.297139,1,224,1520.68688964844,9,8.76058769226074,0.176582708954811,871.09716796875,10,23,1,1
88.419778,27.29975,1,138,1329.40954589844,9,8.76058769226074,0.361273497343063,806.201477050781,5,18,1,2
88.373944,27.302861,1,68,1780.55249023438,9,8,0.329452902078629,905.9853515625,10,30,1,1
88.433167,27.303083,1,115,887.914245605469,9,6.81907272338867,0.316979706287384,796.297485351562,5,32,1.91093170642853,1
88.368444,27.306861,1,118,1939.77197265625,9,8,0.285462021827698,917.099853515625,10,31,1,1
88.375194,27.306806,1,37,1619.45764160156,9,8,0.271724939346313,902.991333007812,10,9,1,1
88.418611,27.311667,1,52,1239.01220703125,9,8.23618507385254,0.316151440143585,797.53369140625,5,24,4,1
88.417917,27.314694,1,146,1217.47924804688,9,9,0.293807566165924,795.423828125,5,24,1,1
88.450528,27.330917,1,120,1116.87634277344,9,7.11849880218506,0.310401976108551,790.10400390625,5,25,1,1
88.449806,27.366944,1,134,1687.79577636719,9,2,0.365359663963318,859.572387695312,5,32,1,2
88.456833,27.369778,1,142,1506.31469726562,9,9,0.39292848110199,886.415588378906,5,31,1,2
88.356139,27.397389,1,105,1592.28503417969,9,8.99900245666504,0.373732507228851,1036.07275390625,5,32,1,1
88.329139,27.399806,1,274,1934.46508789062,9,8,0.17081044614315,1083.20715332031,5,24,1,1
88.524444,27.245139,1,128,478.495056152344,9,4.43224906921387,0.27046337723732,1072.78491210938,5,24,4,1
88.60681,27.24144,1,143,1386.2109375,9,4.43647384643555,0.226013034582138,1241.55297851562,5,20,3,2
88.53325,27.250556,1,186,490.827362060547,9,7.87433099746704,0.225624725222588,1090.39245605469,5,19,4,1
88.531361,27.251639,1,122,518.452758789062,9,8,0.32916784286499,1078.13452148438,5,16,1,1
88.542444,27.254778,1,153,646.169616699219,9,8.00099754333496,0.273734271526337,1110.11608886719,5,23,4,1
88.543611,27.255278,1,147,635.1806640625,9,8,0.266117036342621,1110.11608886719,5,37,4,1
88.55359,27.25677,1,330,686.484069824219,9,8,0.0309269707649946,1134.79675292969,5,40,1,1
88.548861,27.257972,1,140,632.107666015625,9,8,0.287226974964142,1122.56860351562,5,41,1,1
88.550417,27.259694,1,140,654.578979492188,9,8.99900245666504,0.185289263725281,1118.62426757812,5,37,1,1
88.562389,27.262583,1,251,650.544494628906,9,7.99501085281372,0.131380021572113,1155.90246582031,5,27,1,1
88.558389,27.264361,1,126,628.387756347656,9,2.53561162948608,0.2028918415308,1140.92443847656,5,29,1,1
88.534556,27.265944,1,196,1183.97229003906,9,2.91529846191406,0.325551837682724,1073.60412597656,5,39,1,1
88.54611,27.28408,1,127,1530.63854980469,9,8.23518753051758,0.425306171178818,1086.54797363281,5,30,4,2
88.598917,27.282444,1,281,823.713256835938,9,7.99401330947876,0.156852230429649,1229.44689941406,5,19,1,1
88.589417,27.292944,1,35,856.986633300781,9,2,0.0723212212324142,1208.75671386719,5,18,4,1
88.506056,27.315083,1,94,1481.23193359375,9,8,0.357819527387619,920.178955078125,5,8,1,1
88.557583,27.313917,1,28,1272.27783203125,8,8,0.249589130282402,1129.43090820312,5,17,1,1
88.558139,27.315028,1,119,1232.27856445312,8,3.02112340927124,0.317106753587723,1129.43090820312,5,12,1,1
88.558611,27.315028,1,128,1221.74072265625,8,8.23019886016846,0.323479413986206,1129.43090820312,5,29,1,1
88.559889,27.316,1,121,1251.462890625,8,8,0.342513620853424,1129.43090820312,5,34,1,1
88.560056,27.316944,1,142,1266.10778808594,8,8.00099754333496,0.324095696210861,1129.43090820312,5,18,1,1
88.606667,27.315833,1,92,1461.83422851562,9,2,0.14672327041626,1246.30969238281,5,29,1,1
88.49225,27.330778,1,296,866.109436035156,9,8,0.221634477376938,891.528076171875,5,24,1,1
88.609111,27.33825,1,235,1573.94226074219,9,2,0.146634548902512,1264.73815917969,5,28,1,2
88.600556,27.348722,1,344,1254.05676269531,8,8,0.0381433330476284,1253.53173828125,5,30,2,1
88.542333,27.374583,1,132,1855.33715820312,8,8.23618507385254,0.356381177902222,1118.525390625,5,33,1,1
88.542444,27.374583,1,120,1809.57836914062,8,8.00099754333496,0.377745002508163,1118.525390625,5,36,1,1
88.542833,27.375139,1,122,1797.123046875,8,8.76381492614746,0.352306753396988,1118.525390625,5,49,1,1
88.54275,27.375194,1,122,1797.123046875,8,8.76381492614746,0.352306753396988,1118.525390625,5,49,1,1
88.617556,27.372333,1,324,1883.36413574219,9,8,0.0522535666823387,1294.81372070312,5,33,1,2
88.541667,27.378444,1,342,1757.13122558594,8,8,0.058428518474102,1113.99365234375,5,30,1,2
88.650556,27.19375,1,300,1124.36059570312,9,8,0.13326770067215,1282.57434082031,5,29,1.74279022216797,2
88.650528,27.193794,1,300,1124.36059570312,9,8,0.13326770067215,1282.57434082031,5,29,1.74279022216797,2
88.631992,27.195083,1,9,585.690185546875,9,8,0.12056291103363,1267.8115234375,5,33,1,1
88.625444,27.195703,1,326,562.748168945312,9,8,0.0814037993550301,1257.11315917969,5,38,2,1
88.6342,27.195511,1,325,578.053771972656,9,8,0.0707202851772308,1267.8115234375,5,32,1,1
88.634028,27.195639,1,338,554.272766113281,9,8,0.05343122407794,1267.8115234375,5,27,1,1
88.638725,27.198856,1,303,591.747680664062,9,8,0.162470325827599,1274.43029785156,5,25,1,1
88.641633,27.199722,1,316,612.947326660156,9,8,0.0051682558842003,1274.43029785156,5,44,1,1
88.6605,27.198861,1,335,1034.70568847656,9,8,0.0188118685036898,1293.41198730469,5,54,1,1
88.66095,27.198928,1,340,1044.630859375,9,8,0.0216415282338858,1293.41198730469,5,50,1,1
88.665381,27.201278,1,322,1014.20495605469,9,8,0.12041487544775,1297.77001953125,5,31,1,1
88.656708,27.202433,1,338,739.958923339844,9,8,0.0246426146477461,1293.06433105469,5,38,1,1
88.667278,27.201875,1,323,1006.84918212891,9,8,0.0233447290956974,1302.00048828125,5,26,1,1
88.658333,27.203869,1,9,734.301391601562,9,8,0.170281246304512,1294.90563964844,5,25,1,1
88.647222,27.204556,1,339,644.394287109375,9,8,0.0190802980214357,1285.70788574219,5,38,1,1
88.643361,27.206444,1,260,551.074829101562,9,9.75736045837402,0.25815361738205,1280.83630371094,5,4,4,1
88.689053,27.205047,1,215,747.125915527344,8,8,0.186383828520775,1324.71643066406,5,5,1,1
88.679953,27.206653,1,1,760.892700195312,8,8,0.125736251473427,1316.65441894531,5,31,1,1
88.672817,27.207264,1,342,731.028991699219,8,8,0.140008926391602,1312.48205566406,5,29,1,1
88.676047,27.207606,1,346,715.311401367188,8,8,0.053094495087862,1312.48205566406,5,41,1,1
88.652278,27.220889,1,214,1005.6416015625,9,4.19706153869629,0.249599277973175,1293.49499511719,5,29,4,1
88.657111,27.220861,1,334,1156.19421386719,8,8,0.051276296377182,1297.90234375,5,21,4,1
88.699833,27.22075,1,334,1145.46899414062,5,8,0.0158689767122269,1332.2587890625,5,35,1,1
88.619361,27.22975,1,229,1198.03039550781,9,8,0.271394699811935,1256.1240234375,5,36,1,1
88.634806,27.233417,1,140,1493.27416992188,9,8.00422477722168,0.338866591453552,1274.70446777344,5,30,1,3
88.645167,27.235917,1,163,1453.57971191406,8,9,0.311075359582901,1285.65441894531,5,32,1,2
88.62575,27.246056,1,218,1456.38134765625,9,8.00422477722168,0.248430848121643,1263.46398925781,5,31,1,2
88.625694,27.246194,1,196,1459.265625,9,8.99577522277832,0.346579551696777,1263.46398925781,5,24,1,2
88.659833,27.250972,1,246,1435.67053222656,5,6.82406187057495,0.282072573900223,1299.8544921875,5,41,1,1
88.715444,27.250889,1,285,1221.2421875,5,8,0.114337556064129,1321.53002929688,5,45,1,1
88.694194,27.252667,1,43,1468.98571777344,4,8,0.186323970556259,1319.01220703125,10,22,4,1
88.323278,27.206917,1,88,454.126556396484,9,8.00099754333496,0.157240644097328,1168.46350097656,5,34,2,1
88.442122,27.205,1,143,1298.15747070312,9,9,0.305272728204727,1032.57141113281,5,32,1,2
88.387667,27.20825,1,275,1602.84460449219,13,8,0.19761611521244,1058.19055175781,5,21,1,1
88.442814,27.206611,1,102,1325.86755371094,9,6.35368633270264,0.202729120850563,1032.57141113281,5,29,1,2
88.321833,27.213556,1,61,474.835571289062,13,8.00422477722168,0.221759825944901,1156.87744140625,5,26,1.08906829357147,1
88.391444,27.21275,1,337,1570.5859375,13,8,0.0554646365344524,1052.58557128906,5,34,1,1
88.399333,27.212583,1,311,2006.06188964844,9,8,0.0443612486124039,1041.47338867188,5,26,1,2
88.318083,27.217944,1,225,423.807495117188,13,10,0.127404868602753,1164.55236816406,5,9,1,1
88.392417,27.214639,1,301,1547.45776367188,13,8,0.243932038545609,1037.38513183594,5,29,1,1
88.393306,27.215056,1,315,1565.79443359375,13,8,0.125515982508659,1037.38513183594,5,27,1,1
88.402278,27.21525,1,252,2022.48974609375,9,8,0.0803779810667038,1026.64721679688,5,11,1,2
88.392361,27.216639,1,220,1550.78125,13,8,0.300552308559418,1037.38513183594,5,41,1,1
88.391111,27.219444,1,282,1568.4814453125,13,8,0.218127056956291,1033.7451171875,5,28,1,1
88.370667,27.2215,1,159,1790.61083984375,13,9,0.37168961763382,1062.66284179688,5,33,4,2
88.385083,27.220917,1,230,1579.75854492188,13,8,0.264901429414749,1040.48779296875,5,45,1,1
88.376167,27.221444,1,158,1631.54321289062,13,9,0.419977694749832,1054.9951171875,5,36,1,1
88.397639,27.220972,1,257,2031.44226074219,9,6.82406187057495,0.1812364757061,1021.51904296875,5,33,1,2
88.390861,27.221778,1,242,1589.53588867188,13,8,0.237288877367973,1033.7451171875,5,22,1,1
88.372083,27.224778,1,146,2034.5830078125,9,9,0.3830706179142,1045.97436523438,5,41,1,2
88.373333,27.225083,1,151,2011.791015625,9,8.76381492614746,0.34234806895256,1045.97436523438,5,32,1,2
88.378444,27.229417,1,122,2022.80065917969,9,8,0.368173271417618,1028.4677734375,5,49,1,2.71453619003296
88.348389,27.233667,1,318,1912.15881347656,9,8,0.0582424066960812,1037.53161621094,5,35,1,2
88.378417,27.232639,1,62,2122.48046875,9,8,0.274085104465485,1028.4677734375,5,28,1,3
88.346444,27.237889,1,308,1585.505859375,9,8,0.0438817590475082,1045.98706054688,5,33,2,1
88.332778,27.239972,1,321,1297.84997558594,13,8,0.143410250544548,1057.85229492188,5,23,1,1
88.433167,27.235861,1,65,1213.11413574219,9,8.00099754333496,0.30870595574379,958.589599609375,5,26,1,1
88.327389,27.242139,1,30,1325.81433105469,13,8,0.233381718397141,1066.39453125,5,24,2,1
88.354417,27.242917,1,198,1594.3466796875,9,8,0.170296058058739,1022.77038574219,5,7,1,2
88.348056,27.244056,1,196,1545.3828125,9,8.99577522277832,0.369084656238556,1025.64599609375,5,52,1,1
88.350472,27.244472,1,203,1607.43176269531,9,9,0.33924001455307,1025.64599609375,5,50,1,2
88.3845,27.251417,1,50,2045.69458007812,9,8,0.199543610215187,977.8447265625,5,21,1,2
88.4905,27.197417,1,228,367.754547119141,9,2,0.186993107199669,1055.5556640625,5,49,1,1
88.603083,27.192989,1,162,473.346313476562,9,9.52264022827148,0.111981444060802,1261.49987792969,40.1120414733887,33,1,1
88.602778,27.193083,1,172,495.011047363281,9,4.41065883636475,0.245223224163055,1233.5888671875,5,36,1,1
88.446667,27.207039,1,185,1323.87255859375,9,9,0.289940387010574,1032.57141113281,5,49,3,2
88.588667,27.203167,1,177,1286.99548339844,9,8.97465229034424,0.351776242256165,1214.17822265625,5,34,1,2
88.600278,27.203194,1,169,988.237426757812,9,8.76481246948242,0.32074162364006,1227.74475097656,5,32,1,2
88.591722,27.205,1,122,1211.31762695312,9,7.11849880218506,0.293236583471298,1213.9765625,5,36,1,2
88.58775,27.2115,1,275,1432.52380371094,9,8,0.155434727668762,1213.61596679688,5,45,1,2
88.587889,27.212222,1,260,1416.56518554688,9,8,0.174717575311661,1213.61596679688,5,32,1,2
88.588083,27.214806,1,261,1451.12976074219,9,8,0.249850705265999,1213.111328125,5,28,1,2
88.608361,27.214222,1,87,801.346984863281,9,6.82406187057495,0.133199080824852,1241.86767578125,5,23,3,1
88.491833,27.223833,1,298,343.436798095703,9,10,-0.0097843492403626,1014.41534423828,5,23,1,1
88.49325,27.22575,1,315,364.662017822266,9,8,0.0008765095844864,1020.89868164062,5,43,1,1
88.493889,27.228556,1,296,360.592376708984,9,2,0.0093302261084318,1012.50317382812,5,38,4,1
88.5015,27.233389,1,182,383.082702636719,9,2,0.195214122533798,1016.96832275391,5,27,4,1
88.506472,27.23575,1,150,418.936737060547,9,2,0.204197481274605,1019.82775878906,5,37,4,1
88.506306,27.235778,1,144,439.430603027344,9,3.6473114490509,0.273397386074066,1019.82775878906,5,35,4,1
88.507972,27.23575,1,180,387.799591064453,9,8.11051654815674,0.15010267496109,1028.35437011719,5,6,1,1
88.50875,27.236361,1,173,430.403350830078,9,2.88349676132202,0.268033742904663,1028.35437011719,5,39,1,1
88.509611,27.236583,1,163,436.799072265625,9,1.47735989093781,0.272586554288864,1028.35437011719,5,24,1,1
88.48416,27.23924,1,30,391.470092773438,9,8,0.141202047467232,978.881530761719,5,27,1,1
88.51384,27.23772,1,142,413.992919921875,9,2.7638144493103,0.250241905450821,1037.10888671875,5,21,1,1
88.486472,27.240028,1,221,378.645629882812,9,7.11849880218506,0.138389885425568,978.881530761719,5,43,1,1
88.486278,27.240194,1,209,378.390686035156,9,7.11051654815674,0.141311466693878,978.881530761719,5,40,1,1
88.48025,27.240556,1,357,396.679321289062,9,8.46538639068604,0.0068217297084629,971.866455078125,5,42,1,1
88.486278,27.240861,1,213,407.526763916016,9,7.97242307662964,0.19446174800396,978.881530761719,5,39,1,1
88.6025,27.235694,1,207,1219.95043945312,9,9,0.327937573194504,1234.64575195312,5,31,3,1
88.602389,27.23575,1,207,1219.95043945312,9,9,0.327937573194504,1234.64575195312,5,31,3,1
88.598806,27.237694,1,113,1213.40600585938,9,4.43647384643555,0.232877433300018,1226.7421875,5,24,3,2
88.601528,27.238111,1,230,1218.46752929688,9,7.98486328125,0.267023354768753,1226.7421875,5,18,3,2
88.524389,27.245028,1,127,464.356292724609,9,3.02112340927124,0.236338824033737,1072.78491210938,5,19,4,1
88.3135,27.153306,1,307,1200.11608886719,9,8,0.0447608344256878,1237.57531738281,5,23,1,3
88.316833,27.184806,1,148,475.525421142578,12,9,0.174022674560547,1199.578125,5,48,1,1
88.320417,27.186361,1,178,446.404663085938,12,4.17547130584717,0.180411130189896,1198.97766113281,5,31,1,1
88.318889,27.159639,1,318,1343.26586914062,9,8,0.139384001493454,1222.57788085938,5,25,1,3
88.319556,27.155028,1,316,1400.0146484375,9,8,0.0586531348526478,1226.5166015625,5,31,1,3
88.32375,27.204694,1,93,466.304382324219,12,9,0.203002408146858,1168.46350097656,5,38,1.24759674072266,1
88.325861,27.191639,1,129,471.895477294922,12,8.23518753051758,0.179239794611931,1185.77111816406,5,39,1,1
88.340861,27.200861,1,183,987.222961425781,9,8,0.260203838348389,1150.31787109375,5,32,1,1
88.34325,27.158222,1,356,1355.69689941406,9,8,0.0276391673833132,1183.69787597656,5,41,2,2
88.342694,27.137667,1,127,1200.78381347656,9,9,0.319273769855499,1191.79443359375,5,35,1,2
88.344806,27.158139,1,24,1349.80346679688,9,8,0.177989274263382,1183.69787597656,5,32,2,2
88.350417,27.199028,1,178,1147.39721679688,11,7.56951284408569,0.25860857963562,1134.34985351562,5,33,1,1
88.347972,27.158,1,309,1387.27136230469,12,8,0.0029142061248421,1176.74743652344,5,29,2,2
88.348472,27.164528,1,315,1112.05920410156,12,8,0.0097752334550023,1170.57873535156,5,36,1,2
88.348528,27.165278,1,309,1086.32214355469,12,8,0.0268258228898048,1170.57873535156,5,33,1,2
88.348889,27.167611,1,229,1111.16943359375,12,8.23518753051758,0.304097205400467,1170.57873535156,5,33,1,2
88.348333,27.149722,1,85,1391.77355957031,9,8.23618507385254,0.284272164106369,1179.04772949219,5,45,1,2
88.3545,27.200389,1,164,1117.90087890625,13,9,0.384183287620544,1126.49291992188,5,40,1,1
88.354611,27.171139,1,207,1238.3427734375,12,8.00099754333496,0.279216170310974,1159.27709960938,5,16,1,2
88.363778,27.169472,1,310,1533.86340332031,12,8,0.0170414820313454,1144.92639160156,5,31,1,2
88.369611,27.177167,1,280,1578.05676269531,12,8,0.0734057277441025,1133.86682128906,5,45,1,3
88.368222,27.140889,1,239,1243.63195800781,9,3.02112340927124,0.211945027112961,1149.20544433594,5,32,1,1
88.368167,27.139944,1,244,1190.24780273438,9,8.23342514038086,0.167738020420074,1149.20544433594,5,28,1,1
88.372,27.172228,1,154,1663.22253417969,12,2,0.373567432165146,1131.49865722656,5,24,4,2
88.370778,27.145056,1,5,1274.99108886719,9,8,0.0987637341022491,1149.1123046875,5,29,2,1
88.373083,27.143556,1,317,1285.07360839844,9,8,0.188496604561806,1141.84606933594,5,24,2,1
88.379083,27.159972,1,276,1248.17102050781,9,8,0.124638743698597,1131.37524414062,5,26,1,1
88.381444,27.172333,1,184,1601.08740234375,9,2,0.326806157827377,1125.18640136719,5,29,4,2
88.383306,27.16275,1,321,1554.37426757812,9,8,0.092781625688076,1125.22875976562,5,37,1,1
88.384556,27.168167,1,245,1545.05065917969,9,8,0.23815730214119,1122.59204101562,5,31,4,2
88.385028,27.175,1,274,1759.26989746094,9,2.53561162948608,0.267851382493973,1104.67700195312,5,19,1.26720488071442,2
88.38525,27.173917,1,235,1738.69396972656,9,4.18092727661133,0.190053403377533,1104.67700195312,5,42,1,2
88.387472,27.195722,1,265,1692.38256835938,9,8,0.316134631633759,1076.65234375,5,32,1,1
88.386972,27.172444,1,249,1762.77893066406,9,8,0.175752609968185,1103.79907226562,5,34,1,2
88.388889,27.194333,1,240,1759.08825683594,9,8,0.262047737836838,1076.65234375,5,32,4,1.39763343334198
88.391583,27.202417,1,278,1650.60070800781,9.73753452301025,8,0.228052660822868,1069.240234375,5,29,1,1
88.391056,27.189222,1,287,1879.5966796875,9,8,0.142245218157768,1083.41149902344,5,31,1,2
88.390278,27.155306,1,298,1186.26171875,9,8,0.101663187146187,1129.72045898438,5,28,1,1
88.390361,27.152861,1,227,1230.19091796875,9,8.76058769226074,0.250292509794235,1130.556640625,5,34,1,1
88.391111,27.135833,1,156,1807.99633789062,9,3.00598692893982,0.334204733371735,1127.67700195312,5,32,1,2
88.395778,27.18175,1,195,1889.54150390625,9,9,0.361194908618927,1089.98205566406,5,31,1,2.71453619003296
88.39475,27.133556,1,165,1675.15124511719,9,8.99900245666504,0.29009684920311,1121.21240234375,5,33,1,2
88.401333,27.166528,1,257,1514.61694335938,9,7.99501085281372,0.200256630778313,1105.44177246094,5,22,4,1
88.402056,27.176944,1,264,1935.26733398438,9,6.35368633270264,0.236620634794235,1094.12463378906,5,35,1,2
88.402417,27.175778,1,241,1929.81567382812,9,3.0243501663208,0.311232477426529,1094.12463378906,5,35,1,2
88.402611,27.177056,1,250,1984.43469238281,9,4.19706153869629,0.24797648191452,1094.12463378906,5,38,1,2
88.401556,27.137694,1,213,1828.7587890625,9,8.99900245666504,0.365409702062607,1115.17541503906,5,33,1,2
88.40425,27.134389,1,238,1816.57360839844,9,8,0.30204826593399,1109.58166503906,5,52,4,2.71453619003296
88.406417,27.16375,1,279,1570.1220703125,9,8,0.180105462670326,1101.14050292969,5,20,1,2
88.404583,27.133583,1,253,1828.58837890625,9,6.82406187057495,0.137709975242615,1109.58166503906,5,48,4,2
88.410556,27.161444,1,135,1555.60668945312,9,9,0.284563690423965,1099.29675292969,5,34,4,2
88.412056,27.153083,1,102,1572.17797851562,9,9,0.302098482847214,1096.79370117188,5,35,4,2
88.413222,27.162778,1,203,1547.22912597656,9,9,0.296363890171051,1095.67041015625,5,7,1,2
88.415056,27.160194,1,186,1545.55895996094,9,9,0.310045719146729,1095.67041015625,5,21,1,3
88.417528,27.166611,1,91,1793.47119140625,9,8.23618507385254,0.382889717817307,1090.44995117188,5,22,1,3
88.420139,27.158417,1,222,1594.59753417969,9,7.97741174697876,0.266818583011627,1092.42333984375,5,39,1,2
88.423028,27.160056,1,137,1572.62463378906,9,9,0.312699556350708,1089.55847167969,5,40,1,2
88.427111,27.158944,1,230,1593.72436523438,9,7.99501085281372,0.248205408453941,1087.07678222656,5,38,1,2
88.429556,27.176,1,273,1634.07275390625,9,6.82406187057495,0.244265049695969,1078.54833984375,5,35,1,2
88.430556,27.178111,1,353,1616.36022949219,9,8,0.138159990310669,1076.87744140625,5,34,1,1.28546380996704
88.430722,27.15625,1,220,1453.13671875,9,3.0243501663208,0.328947603702545,1087.93835449219,5,39,1,2
88.436667,27.165833,1,171,1544.04711914062,9,9,0.352950245141983,1081.63134765625,5,35,1,2
88.500333,27.15425,1,104,985.45361328125,9,3,0.275304734706879,1108.85864257812,5,33,1,2
88.512778,27.157056,1,165,741.55517578125,9,8.99677276611328,0.272869139909744,1123.12316894531,5,24,1,2
88.5225,27.156806,1,40,585.957458496094,9,8,0.172217175364494,1133.62219238281,5,28,1,1
88.512472,27.158111,1,185,808.639770507812,9,8.76058769226074,0.278540909290314,1123.12316894531,5,20,1,2
88.522194,27.157694,1,71,590.667663574219,9,8,0.189688801765442,1133.62219238281,5,30,1,1
88.521833,27.158361,1,78,621.824462890625,9,6.82406187057495,0.187204197049141,1128.46032714844,5,27,1,1
88.514611,27.158972,1,187,825.978576660156,9,3.0049889087677,0.258460253477097,1123.578125,5,28,1,2
88.529,27.1585,1,247,301.925262451172,9,10,0.0608305968344212,1139.66760253906,5,37,4,1
88.505889,27.160722,1,142,1035.13049316406,9,8.22005081176758,0.243417173624039,1113.78210449219,5,25,1,2
88.512472,27.160444,1,162,913.061096191406,9,8.00422477722168,0.268064349889755,1123.578125,5,19,1,2
88.512944,27.161306,1,66,901.524719238281,9,8,0.237459897994995,1123.578125,5,29,1,2
88.509639,27.161917,1,148,1029.9296875,9,8.23019886016846,0.285875767469406,1118.57189941406,5,33,1,2
88.510611,27.162194,1,108,1010.03955078125,9,4.43224906921387,0.223887950181961,1118.57189941406,5,30,1,2
88.52,27.163861,1,155,556.852600097656,9,8,0.268204092979431,1128.68347167969,5,28,1,1
88.533097,27.178889,1,130,362.274963378906,9,2.2411744594574,0.112180285155773,1143.04016113281,5,41,1.24759674072266,2
88.519778,27.179639,1,229,353.952972412109,9,4.19706153869629,0.122327409684658,1124.87878417969,5,46,1,1
88.533111,27.179056,1,130,362.274963378906,9,2.2411744594574,0.112180285155773,1143.04016113281,5,41,1.24759674072266,2
88.51025,27.180417,1,155,390.326965332031,9,1.76581013202667,0.208140224218369,1113.63439941406,5,35,3,1
88.518611,27.180528,1,212,328.313690185547,9,2,0.134297221899033,1124.87878417969,5,34,1,1
88.508,27.182111,1,239,426.001800537109,9,8,0.0958252176642418,1113.63439941406,5,52,3,1
88.501194,27.188528,1,172,379.801666259766,9,2,0.101721450686455,1068.22192382812,5,14,1,1
88.445083,27.124778,1,1,631.646301269531,9,8,0.0272654574364424,1065.59704589844,5,50,4,1
88.442778,27.128694,1,194,659.470153808594,9,2.18937659263611,0.198631882667542,1070.99279785156,5,36,4,1
88.441361,27.129,1,135,648.640441894531,9,2.17593836784363,0.189281404018402,1072.47094726562,5,19,4,1
88.4385,27.150778,1,136,1186.6279296875,9,7.58887386322021,0.293876618146896,1083.75695800781,5,37,2,2
88.443056,27.154722,1,165,1385.69006347656,9,9,0.343704342842102,1082.61950683594,5,39,1,1
88.494389,27.153528,1,205,1087.04077148438,9,3,0.22798778116703,1116.99182128906,5,28,3,2
88.493194,27.154889,1,244,1111.47546386719,9,8,0.17391137778759,1116.99182128906,5,21,3,2
88.444361,27.159194,1,33,1320.75610351562,9,8,0.124289765954018,1081.90954589844,5,33,1,1
88.466306,27.158583,1,108,1199.63330078125,9,2.91529846191406,0.202773466706276,1080.09497070312,10,34,1,2
88.491722,27.158111,1,222,1117.841796875,9,8,0.241626530885696,1116.78332519531,5,41,1,2
88.458833,27.163556,1,182,1466.67224121094,9,9,0.335611343383789,1078.49194335938,10,35,4,1.71453619003296
88.491444,27.162111,1,260,1139.61083984375,9,2,0.218226626515388,1084.89624023438,5,34,1,2
88.462306,27.163861,1,120,1502.84240722656,9,8,0.294526547193527,1078.60717773438,5,29,1,2
88.484864,27.162781,1,157,1154.81188964844,9,8.76058769226074,0.299509614706039,1083.39392089844,5,22,2,3
88.444444,27.165,1,23,1366.79418945312,9,8,0.302088707685471,1080.20874023438,10,25,1,1
88.488511,27.165586,1,194,1247.69177246094,9,8.00322723388672,0.278733044862747,1083.69873046875,5,29,1,3
88.496556,27.165528,1,43,1248.32922363281,9,8,0.264519661664963,1104.50732421875,5,34,1,2
88.462361,27.169583,1,111,1653.90478515625,9,1.03379738330841,0.145952478051186,1076.21203613281,5,20,1,2
88.486333,27.169028,1,355,1250.16772460938,9,8,0.0707085803151131,1080.095703125,5,34,1,2
88.452028,27.174389,1,13,1531.51208496094,9,8,0.165669545531273,1072.71032714844,10,24,1,2
88.562083,27.18815,1,184,454.391632080078,9,7.1092848777771,0.158828392624855,1180.43957519531,128,22,1,1
88.564472,27.19,1,181,585.403930664062,9,2.91529846191406,0.249858275055885,1180.43957519531,5,37,1.75240325927734,2
88.586528,27.191333,1,181,482.937286376953,9,9,0.282831221818924,1207.52258300781,128,46,1,1
88.65875,27.17925,1,197,1265.76293945312,9,6.82828664779663,0.218316569924355,1284.62280273438,5,27,1,3
88.237,27.121611,1,160,455.162933349609,9,1,0.233187898993492,1409.5693359375,5,36,1,3
88.262111,27.128972,1,146,420.925842285156,9,7.11849880218506,0.216358438134193,1349.59655761719,5,35,1,2
88.292194,27.12825,1,188,382.271148681641,9,1,0.197531893849373,1292.01892089844,5,39,1,2
88.266222,27.129861,1,134,401.715209960938,9,1.49994802474976,0.254214733839035,1349.59655761719,5,41,1,2
88.311083,27.144167,1,178,1166.76354980469,9,6.80892515182495,0.285865843296051,1251.62255859375,5,33,1,2
88.305694,27.145444,1,287,1138.38659667969,9,4.19706153869629,0.180194720625877,1260.66589355469,5,19,1,2
88.309889,27.151028,1,310,1215.16577148438,9,8,0.111974477767944,1247.71374511719,5,27,1,2
88.275667,27.1545,1,194,760.858459472656,12,8.23019886016846,0.296539783477783,1301.28625488281,5,34,1,1.71587646007538
88.230778,27.156944,1,233,1476.68688964844,11,8,0.269524365663528,1363.41931152344,5,26,1,2
88.230306,27.157806,1,133,1500.58728027344,11,8.00322723388672,0.290349304676056,1363.41931152344,5,16,1,2
88.306806,27.157694,1,286,850.733459472656,12,8,0.144334077835083,1244.22888183594,5,26,1,2
88.300028,27.159472,1,301,646.940124511719,12,8,0.138816222548485,1255.70104980469,5,14,1,1
88.457444,27.093278,1,119,290.322052001953,9,8.76058769226074,0.255218178033829,1024.39270019531,5,28,1,1
88.433375,27.096444,1,161,891.218444824219,9,2,0.34568727016449,1015.53686523438,5,29,1,2
88.458667,27.102,1,127,441.333679199219,9,8,0.274980902671814,1043.83154296875,5,22,1,1
88.444556,27.105972,1,209,782.136108398438,9,8.99577522277832,0.272709518671036,1033.96447753906,5,33,4,2
88.449389,27.106694,1,190,783.661376953125,9,9,0.325443655252457,1033.3896484375,5,29,1,2
88.31675,27.126472,1,204,360.662628173828,9,6.34869718551636,0.201870530843735,1261.49987792969,5,36,1,1
88.319778,27.123889,1,333,408.709533691406,9,8,0.115796968340874,1243.81787109375,5,25,1,1
88.340222,27.130444,1,233,1165.12158203125,9,8,0.246271714568138,1201.94592285156,5,25,1,2
88.340444,27.126444,1,264,1047.48620605469,9,8,0.208326786756516,1202.36962890625,5,23,1,2
88.34025,27.123194,1,182,941.239807128906,9,8.22005081176758,0.280486524105072,1202.34985351562,5,31,1,2
88.340472,27.110583,1,188,337.957000732422,9,5,0.135158643126488,1200.96875,5,48,1,3
88.342778,27.133806,1,100,1202.68994140625,9,8.23618507385254,0.238742053508759,1191.79443359375,5,31,4,2
88.343389,27.122611,1,201,899.569702148438,9,8,0.29139256477356,1191.79577636719,5,27,1,2
88.3615,27.101083,1,290,361.588134765625,9,8,0.0984739661216736,1155.98315429688,5,43,1,1
88.363139,27.107417,1,281,490.411499023438,9,8,0.154064670205116,1148.89465332031,5,37,1,1
88.370528,27.134306,1,168,1103.59448242188,9,2,0.315241813659668,1157.42517089844,5,36,1,1.39763343334198
88.378667,27.126306,1,233,1124.67810058594,9,6.80792760848999,0.212161287665367,1136.6796875,5,37,1,2
88.384417,27.131528,1,159,1598.02673339844,9,8.76381492614746,0.294973641633987,1132.0771484375,5,34,1,2
88.384556,27.125528,1,123,1337.40344238281,9,2.24217224121094,0.187990576028824,1128.73278808594,5,16,1,2
88.386,27.131444,1,134,1556.87561035156,9,9,0.316598325967789,1132.0771484375,5,31,1,2
88.390833,27.133722,1,195,1659.30627441406,9,8.99577522277832,0.266150444746017,1127.67700195312,5,36,1,2
88.394639,27.102639,1,240,642.704345703125,9,1.47682905197144,0.250182718038559,1080.3916015625,5,26,1,1
88.394611,27.101194,1,261,622.127746582031,9,8.76058769226074,0.236598968505859,1080.3916015625,5,27,1,1
88.400167,27.098417,1,220,685.342163085938,9,8.98063850402832,0.233689293265343,1065.45361328125,5,21,1,2
88.400417,27.101083,1,235,779.0751953125,9,8.23019886016846,0.276816219091415,1071.81652832031,5,22,1,2
88.400778,27.1025,1,215,836.761535644531,9,7.58564710617065,0.255956143140793,1071.81652832031,5,23,1,2
88.402722,27.103111,1,199,916.738525390625,9,8.76481246948242,0.258565098047256,1067.22265625,5,27,1,2
88.403333,27.101111,1,160,798.159423828125,9,9,0.252844631671906,1063.94006347656,5,21,1,2
88.404667,27.102944,1,175,914.349853515625,9,9,0.29281097650528,1063.94006347656,5,28,1,2
88.412944,27.130056,1,119,1734.88293457031,9,3.02112340927124,0.268408387899399,1087.17590332031,5,14,4,2
88.43375,27.106944,1,177,869.702331542969,9,5.29144382476807,0.176333919167519,1037.22827148438,5,28,4,3
88.443833,27.084722,1,194,272.875610351562,9,8.23019886016846,0.17427171766758,1002.21594238281,5,28,1,2
88.446083,27.084222,1,181,285.889892578125,9,6.81907272338867,0.234161376953125,1002.21594238281,5,41,1,2
88.306056,27.240639,1,285,975.332092285156,13,8,0.118143677711487,1160.81311035156,5,40,1,1
88.226861,27.245028,1,351,1739.31494140625,5,8,0.203279420733452,1204.35180664062,10,23,1,3
88.2725,27.243806,1,100,1618.63110351562,9,8,0.291607260704041,1197.26013183594,5,34,1,3
88.225222,27.247111,1,54,1659.8876953125,5,3.01613426208496,0.285896152257919,1204.79711914062,10,27,1,3
88.301889,27.25,1,129,532.522277832031,13,2.54376339912415,0.23814070224762,1151.314453125,5,48,4,1
88.301944,27.250222,1,136,529.244445800781,13,2.88948369026184,0.233624994754791,1150.671875,5,46,4,1
88.272778,27.252167,1,327,1479.20043945312,9,8,0.205619871616364,1192.75415039062,5,9,1,2
88.3005,27.254222,1,33,561.097595214844,13,8,0.074046827852726,1154.37414550781,5,23,1,1
88.245306,27.258306,1,6,1151.47277832031,9,8,0.0973043665289879,1189.375,5,32,1,1
88.246611,27.258389,1,335,1136.57006835938,9,8,0.0700052529573441,1184.76000976562,5,24,1,1
88.248972,27.259722,1,39,1120.98510742188,9,3.41711282730103,0.235242560505867,1184.59533691406,5,22,1,1
88.233278,27.260861,1,354,1180.65417480469,9,8,0.0458488389849663,1189.16442871094,5,28,1,2
88.305444,27.257194,1,299,664.530090332031,13,8,0.112590380012989,1096.10656738281,5,25,1,1
88.302417,27.260194,1,266,570.577514648438,13,8,0.193121001124382,1093.10778808594,5,39,1,1
88.2945,27.26175,1,59,580.019104003906,9,10,0.259257256984711,1158.07800292969,5,32,4,1
88.292667,27.263389,1,45,596.790771484375,9,9.99354648590088,0.134399205446243,1105.6318359375,5,42,4,1
88.284722,27.269056,1,357,687.707946777344,9,8,0.142945945262909,1097.85961914062,5,33,1,1
88.2875,27.268944,1,48,586.413513183594,9,6.35368633270264,0.141371533274651,1110.39184570312,5,43,4,1
88.28,27.272778,1,217,538.901123046875,9,10,0.296222150325775,1152.46960449219,5,18,4,1
88.303417,27.27325,1,150,1287.40612792969,9,9,0.306456178426743,1086.9013671875,5,41,2,2
88.254278,27.275917,1,192,1101.884765625,9,8,0.221085146069527,1172.03771972656,5,16,1,1
88.255111,27.276306,1,169,1115.01452636719,9,7.56851530075073,0.235609784722328,1172.03771972656,5,41,1,1
88.308056,27.2755,1,215,1588.5595703125,9,8.00422477722168,0.344389945268631,1076.69604492188,5,33,2,2
88.227667,27.281028,1,179,1296.20483398438,9,8.76381492614746,0.343352168798447,1174.18774414062,5,19,1,1
88.229556,27.281611,1,127,1275.79321289062,9,9,0.364393800497055,1174.18774414062,5,44,1,2
88.267361,27.281028,1,72,938.224731445312,9,8,0.288575708866119,1112.09948730469,5,30,1,1
88.264889,27.284139,1,141,1043.81750488281,9,8.99577522277832,0.28689044713974,1115.689453125,5,33,1,1.60236656665802
88.265194,27.284278,1,148,1043.00451660156,9,9,0.281162142753601,1115.689453125,5,28,1,1
88.249028,27.285361,1,179,1205.17614746094,9,2.55497264862061,0.279936015605927,1169.18347167969,5,18,1,2
88.250028,27.295194,1,163,1593.35705566406,9,2,0.252362757921219,1124.45788574219,5,40,1,3
88.294917,27.293417,1,355,730.143981933594,9,8,0.0436719954013824,1078.41723632812,5,44,1,1
88.245417,27.171083,1,256,1119.55798339844,11,8,0.143120408058167,1320.99780273438,5,29,1,1
88.309528,27.181222,1,124,468.948486328125,12,9,0.265210777521133,1219.7431640625,5,40,1,1
88.2885,27.191917,1,194,1275.25671386719,12,9,0.350027859210968,1238.31286621094,5,36,1,2
88.208722,27.197111,1,161,1848.16369628906,9,9,0.389479339122772,1304.74890136719,10,34,1,2
88.268194,27.20175,1,18,1121.40112304688,9,8,0.181644409894943,1251.82702636719,5,33,1,1
88.236944,27.217278,1,189,1164.3984375,9,9,0.31231415271759,1258.33715820312,10,28,1,1
88.233472,27.217667,1,187,1196.55895996094,9,9,0.336974948644638,1260.72729492188,10,24,1,1
88.234639,27.217667,1,173,1189.99487304688,9,9,0.380327463150024,1260.72729492188,10,23,1,1
88.232472,27.218278,1,173,1230.55163574219,9,8.99900245666504,0.357327699661255,1258.26086425781,10,26,1,1
88.210222,27.2195,1,73,1794.40173339844,5,8.00322723388672,0.278232842683792,1261.98376464844,10,25,1,1
88.233694,27.21875,1,173,1271.18383789062,9,9,0.336344569921494,1253.67712402344,10,32,1,1
88.274639,27.216722,1,195,1274.64050292969,9,4.20128631591797,0.355129778385162,1228.46081542969,5,37,1,2
88.234361,27.219444,1,159,1283.75573730469,9,2.91529846191406,0.35145902633667,1253.67712402344,10,27,1,1
88.237361,27.220806,1,179,1292.39233398438,9,6.82406187057495,0.274546831846237,1251.35314941406,10,31,1,1
88.261861,27.220306,1,158,1602.01184082031,11,8,0.385566771030426,1233.50415039062,5,40,1,1
88.276306,27.219917,1,156,1552.125,9,9,0.365286350250244,1222.84204101562,5,45,1,2
88.281028,27.220472,1,137,1444.27075195312,11,9,0.333153158426285,1217.0693359375,5,37,1,2
88.279917,27.220778,1,140,1530.26745605469,11,7.58887386322021,0.336908876895905,1217.0693359375,5,36,1,2
88.281972,27.222917,1,122,1497.00634765625,11,9,0.314708113670349,1210.90490722656,5,19,1,2
88.240333,27.225556,1,169,1566.55847167969,9,2.91529846191406,0.339212536811829,1244.783203125,10,24,1,1.71453619003296
88.219639,27.227528,1,157,1797.18811035156,9,4.43647384643555,0.385683685541153,1253.44946289062,10,26,1,2
88.220278,27.2275,1,145,1777.65576171875,9,8.97265625,0.342198938131332,1253.44946289062,10,33,1,2
88.308861,27.226556,1,261,646.265930175781,9,7.98386573791504,0.161402121186256,1169.15075683594,5,45,1,1
88.246361,27.233194,1,350,1521.17956542969,9,8,0.148030743002892,1234.08911132812,8.01183223724365,23,1,2
88.306056,27.230583,1,154,725.408874511719,12,9,0.26873055100441,1171.55969238281,5,35,1,1
88.235917,27.236889,1,73,1574.60473632812,9,8.23618507385254,0.316920250654221,1233.9033203125,10,58,1,2
88.234028,27.240389,1,84,1630.658203125,9,8.00099754333496,0.327374517917633,1208.62109375,5,42,1,2
88.298306,27.237583,1,51,532.991333007812,12,8,0.216540530323982,1173.99401855469,5,50,1,1
88.233972,27.241333,1,79,1629.79174804688,9,8,0.355971783399582,1208.62109375,5,45,1,2
88.30475,27.237917,1,275,840.527954101562,12,4.18092727661133,0.16736476123333,1166.12353515625,5,34,1,1
88.298389,27.240694,1,113,533.089172363281,13,4.43324708938599,0.225737720727921,1168.82299804688,5,42,1,1
88.248306,27.298333,1,244,1811.77966308594,9,2,0.253838062286377,1124.27819824219,5,28,1,3
88.178806,27.304028,1,73,1614.85668945312,5,8,0.31319335103035,1125.07214355469,5,47,1,1
88.218778,27.301972,1,23,1792.79541015625,5,8,0.0924852937459946,1160.5400390625,5,44,1,2
88.199083,27.30675,1,32,1630.85717773438,5,8,0.185243055224419,1143.57287597656,5,26,1,1
88.189917,27.313722,1,3,1285.435546875,5,8,0.0638062804937363,1134.33312988281,5,34,1,1
88.178944,27.315778,1,140,1514.25756835938,5,8.22005081176758,0.415538161993027,1121.84375,5,40,4,1
88.178917,27.316583,1,134,1555.97399902344,5,9,0.415640562772751,1121.84375,5,30,1,1
88.178556,27.317083,1,135,1599.36022949219,5,9,0.418152004480362,1121.84375,5,22,1,1
88.182861,27.317417,1,152,1394.17639160156,5,9,0.418368577957153,1128.15185546875,5,8,4,1
88.16222,27.31892,1,63,1423.80419921875,5,8.23618507385254,0.390081346035004,1102.8583984375,5,1,1,1
88.177833,27.320111,1,131,1688.2822265625,5,8.23518753051758,0.348722368478775,1121.30639648438,5,19,1,1
88.219611,27.320611,1,158,1190.52258300781,4,9,0.368099480867386,1127.05529785156,5,34,1,1
88.213861,27.324944,1,92,1609.01867675781,4,8.00422477722168,0.38234469294548,1125.96643066406,5,39,1,1
88.219,27.326444,1,79,1275.29296875,4,8,0.304519981145859,1127.40759277344,5,53,1,1
88.215639,27.3305,1,32,1496.85656738281,4,8,0.240017503499985,1133.306640625,5,31,1,1
88.216333,27.33075,1,19,1470.90441894531,4,8,0.220352441072464,1133.306640625,5,32,1,1
88.213583,27.33325,1,4,1407.2392578125,5,8,0.119791351258755,1133.66674804688,5,32,1,1
88.212972,27.333333,1,27,1422.30871582031,5,8,0.0667260363698006,1133.66674804688,5,42,1,1
88.206722,27.335,1,55,1462.24755859375,5,8,0.311029583215714,1129.11755371094,5,31,1,1
88.227361,27.339806,1,103,1189.23876953125,4,8.98063850402832,0.311170816421509,1139.84802246094,5,41,1,1
88.223722,27.342,1,19,1215.08740234375,5,8,0.194015651941299,1138.98010253906,5,44,1,1
88.196833,27.347278,1,91,1836.13659667969,5,8,0.337003618478775,1128.99645996094,5,35,1,1
88.246639,27.345028,1,203,1686.67687988281,8,4.43647384643555,0.31543293595314,1129.60144042969,5,36,4,2
88.272417,27.351194,1,153,1530.06604003906,9,4.43647384643555,0.235877200961113,1114.40832519531,5,29,4,1
88.273028,27.3515,1,163,1537.91552734375,9,8.76481246948242,0.393896281719208,1114.40832519531,5,22,4,1
88.315361,27.379639,1,42,1499.482421875,9,8,0.213543385267258,1076.60766601562,5,40,1,1
88.305806,27.383611,1,37,1623.87121582031,8,8,0.0347250290215015,1095.77258300781,5,30,1,1
88.310972,27.389222,1,208,1442.92297363281,9,6.80293846130371,0.190740495920181,1107.43298339844,5,44,1,1
88.310139,27.393139,1,256,1533.14001464844,8.58218479156494,8,0.25369992852211,1107.43298339844,5,26,1,1
88.307389,27.395028,1,207,1603.49267578125,8,1.02781045436859,0.327563434839249,1113.93298339844,5,37,1,1
88.306889,27.3955,1,232,1621.18237304688,8,8,0.284427851438522,1114.38720703125,5,38,1,1
88.144333,27.166278,1,135,2032.99914550781,5,9,0.382083654403687,1479.517578125,13.0118322372437,34,1,2
88.142222,27.1215,1,147,1251.98059082031,5,9,0.325928688049316,1602.28747558594,15,40,1,3
88.14275,27.125861,1,244,1520.91430664062,5,3.0049889087677,0.220940589904785,1590.44714355469,15,16,1,3
88.145528,27.121611,1,196,1120.35375976562,5,3.02534794807434,0.296666890382767,1602.28747558594,15,36,1,3
88.148833,27.128333,1,53,1557.68591308594,5,8,0.234964951872826,1582.77429199219,10,35,1,2
88.152722,27.1205,1,270,1240.79248046875,5,8.00099754333496,0.249054208397865,1592.69494628906,10,23,1,2
88.153417,27.121444,1,157,1299.15576171875,5,9,0.249512001872063,1592.69494628906,10,17,1,2
88.162028,27.165333,1,137,1221.3779296875,5,8,0.209492906928062,1469.60876464844,10,11,1,1
88.171667,27.157361,1,228,1468.86218261719,5,8,0.238829344511032,1489.03332519531,10,25,1,1
88.172139,27.142028,1,187,782.363037109375,5,8,0.305499672889709,1527.25183105469,10,20,1,1
88.180222,27.141944,1,199,830.040405273438,9,7.97887659072876,0.310622811317444,1522.80017089844,10,39,4,1
88.184222,27.149972,1,175,1071.88159179688,9,9,0.313799172639847,1493.576171875,10,21,4,1.60236656665802
88.190833,27.152722,1,110,1055.57531738281,9,9,0.240809336304665,1415.01953125,10,18,1,1
88.211194,27.141,1,208,677.696411132812,9,8,0.287895530462265,1416.50500488281,5,30,1,1
88.213889,27.164472,1,134,1432.2431640625,9,6.82828664779663,0.314037978649139,1360.09289550781,5,39,1,2
88.224778,27.167972,1,33,1457.47290039062,9,8,0.234802886843681,1350.6533203125,5,30,1,1
88.228444,27.1645,1,77,1418.03662109375,9,6.82406187057495,0.26729941368103,1345.56958007812,5,28,4,1
88.148722,27.256556,1,349,1572.73510742188,5,8,0.142747849225998,1166.33190917969,5,23,1,1
88.156139,27.255861,1,7,1544.35949707031,5,8,0.0427597388625145,1168.99853515625,5,37,1,1
88.159333,27.171639,1,131,1399.62084960938,5,8.23518753051758,0.347032517194748,1457.38464355469,10,26,1,1
88.165333,27.257361,1,330,1500.99487304688,5,8,0.111843764781952,1175.55126953125,5,26,1,1
88.160861,27.171833,1,113,1343.69812011719,5,9,0.325929164886475,1457.38464355469,10,26,1,1
88.167417,27.27075,1,222,1365.06628417969,5,8,0.285878598690033,1152.865234375,5,23,1,1
88.171889,27.260167,1,29,1329.736328125,5,8,0.217865839600563,1173.85583496094,5,40,1,1
88.174444,27.270056,1,182,1327.37280273438,5,9,0.333295494318008,1157.81262207031,5,27,1,1
88.176944,27.252139,1,59,1298.34362792969,5,3.02112340927124,0.294211179018021,1195.84692382812,5,22,1,1
88.178139,27.269861,1,133,1330.01635742188,5,9,0.358162403106689,1153.17846679688,5,36,1,1
88.179944,27.27,1,197,1313.37878417969,5,9,0.314740300178528,1153.17846679688,5,44,1,1
88.182972,27.251722,1,326,1428.84716796875,5,8,0.144333004951477,1199.67395019531,5,26,1,1
88.186917,27.279972,1,158,1731.71838378906,5,7.58887386322021,0.27328833937645,1150.3798828125,5,25,1,2
88.184833,27.246944,1,325,1653.92272949219,5,8,0.0310766343027353,1208.7060546875,5,30,1,1
88.185278,27.245972,1,347,1724.18957519531,5,8,0.182748883962631,1208.7060546875,5,22,1,1
88.187833,27.281444,1,121,1738.38928222656,5,8.2384147644043,0.299536198377609,1150.74194335938,5,30,1,2
88.189556,27.282917,1,140,1735.67578125,5,7.58887386322021,0.28698542714119,1150.74194335938,5,35,1,2
88.189944,27.283639,1,128,1764.47009277344,5,9,0.293437421321869,1146.11877441406,5,23,1,2
88.190861,27.280667,1,144,1564.09899902344,5,2.91529846191406,0.303980559110641,1150.74194335938,5,28,1,2
88.192639,27.283444,1,167,1692.49609375,5,9,0.331685721874237,1153.66674804688,5,30,1,2
88.195583,27.284528,1,185,1710.37023925781,5,9,0.349175482988358,1150.81787109375,5,33,1,2
88.197583,27.285,1,164,1758.81994628906,5,8.99677276611328,0.353385984897614,1155.19848632812,5,30,1,2
88.190972,27.179278,1,110,1968.28271484375,7.32874011993408,8.74445343017578,0.29283219575882,1348.08483886719,10,21,1,2
88.197194,27.261778,1,359,1373.77587890625,5,8,0.0901160836219788,1180.4599609375,5,32,1,1
88.192028,27.181167,1,100,1963.74755859375,9,8.99677276611328,0.319386422634125,1343.00476074219,10,26,1,2
88.199667,27.216361,1,152,1958.05395507812,5,8.99577522277832,0.34658545255661,1270.97998046875,10,30,1,1
88.202639,27.258778,1,63,1260.47375488281,6.74655532836914,8,0.290680795907974,1183.09729003906,5,32,1,1
88.197944,27.185944,1,147,1758.521484375,9,9,0.385348290205002,1329.30578613281,10,39,1,2
88.210028,27.253889,1,21,1401.61450195312,8,8,0.0690819248557091,1191.025390625,5,37,1,2
88.205833,27.185972,1,80,1687.76110839844,9,8.23618507385254,0.366053104400635,1326.84716796875,10,18,1,1
88.206278,27.186611,1,86,1676.53076171875,9,7.58787631988525,0.32760164141655,1326.84716796875,10,29,1,1
88.086361,27.170833,1,163,2363.583984375,5,6.82406187057495,0.236263602972031,1497.26257324219,15,15,1,1
88.089528,27.172444,1,196,2330.57592773438,5,8,0.271391957998276,1493.93603515625,15,20,1,1
88.090333,27.172083,1,151,2330.55029296875,5,3.01613426208496,0.240102961659431,1493.93603515625,15,17,1,1
88.092111,27.173861,1,88,2337.50561523438,5,1.49818587303162,0.169127464294434,1474.70825195312,15,21,1,1
88.091806,27.160056,1,333,2164.1982421875,5,8,0.0682588368654251,1521.80908203125,15,35,1,1
88.09225,27.159361,1,331,2229.7275390625,5,8,0.094165526330471,1521.80908203125,15,25,1,1
88.092833,27.157694,1,348,2257.26806640625,5,8,0.187766522169113,1536.83471679688,15,22,1,1
88.094306,27.161,1,320,2156.60131835938,5,8,0.192353218793869,1521.80908203125,15,29,1,1
88.095639,27.153444,1,207,2291.60424804688,5,8.00099754333496,0.24836428463459,1546.3466796875,15,30,1,1
88.096861,27.149889,1,208,2288.95874023438,4.4413046836853,6.81907272338867,0.306134521961212,1548.90771484375,15,27,1,2
88.100361,27.158222,1,324,2426.18139648438,5,8,0.0903635695576668,1528.69775390625,15,23,1,1
88.127361,27.144056,1,174,2309.58374023438,5,9,0.323126286268234,1546.79309082031,15,29,4,3
88.141361,27.163861,1,136,2141.259765625,5,8.99900245666504,0.331833362579346,1481.97119140625,15,25,1,2
88.141528,27.158056,1,97,2035.45935058594,5,8.99900245666504,0.312612652778625,1512.23193359375,15,26,1,2
88.139472,27.121917,1,252,1266.47131347656,5,8,0.233325019478798,1605.4794921875,15,33,1,3
88.139778,27.124556,1,227,1390.40502929688,5,9,0.387420862913132,1593.634765625,15,33,1,3
88.139889,27.122,1,239,1290.98156738281,5,8,0.258244633674622,1605.4794921875,15,35,1,3
88.143083,27.163472,1,101,2074.6220703125,5,8.76058769226074,0.241697728633881,1479.517578125,15,35,1,2
88.141639,27.128694,1,208,1572.37512207031,5,8.29443740844727,0.305264413356781,1578.31982421875,15,28,4,3
88.077111,27.269917,1,152,2033.67834472656,5,1.02581489086151,0.391110152006149,1190.77990722656,5,32,1,1
88.079944,27.294889,1,6,2072.82495117188,5,8,0.175540372729301,1149.12109375,5,15,1,1
88.084389,27.289861,1,45,2080.8212890625,5,3.02112340927124,0.232355162501335,1146.20349121094,5,20,1,1
88.084333,27.280889,1,152,2392.74340820312,5,7.56352615356445,0.268213182687759,1163.00952148438,5,21,1,1
88.084972,27.27575,1,135,2071.11010742188,5,1.03379738330841,0.337004244327545,1171.56823730469,5,30,1,1
88.094583,27.295444,1,167,2081.45263671875,5,9,0.34159180521965,1110.77526855469,5,42,1,1
88.10175,27.296028,1,95,2003.646484375,5,7.58787631988525,0.348329663276672,1105.27551269531,5,30,1,1
88.102694,27.29525,1,106,1950.62023925781,5,1.49994802474976,0.332881718873978,1100.52465820312,5,32,1,1
88.102667,27.288444,1,234,1770.80993652344,5,2.99155068397522,0.27791839838028,1105.95556640625,5,43,1,1
88.102611,27.287361,1,252,1727.45629882812,5,6.81907272338867,0.222139611840248,1123.22497558594,5,37,1,1
88.102778,27.288167,1,244,1751.7939453125,5,6.80094289779663,0.272907733917236,1117.18347167969,5,42,1,1
88.106194,27.28475,1,283,1610.55285644531,5,7.97887659072876,0.202861532568932,1123.22497558594,5,31,1,1
88.106667,27.283194,1,216,1597.10717773438,5,1.02458369731903,0.323940098285675,1129.412109375,5,33,1,1
88.108278,27.282667,1,226,1609.92810058594,5,8.23941230773926,0.354544878005981,1127.8125,5,8,1,1
88.117194,27.248833,1,93,2028.03527832031,5,2,0.330920994281769,1198.86279296875,5,28,1,1
88.117444,27.248583,1,71,2016.09387207031,5,2,0.330552279949188,1198.86279296875,5,21,1,1
88.137861,27.269556,1,171,1533.09118652344,5,9,0.363412201404572,1131.17565917969,5,22,1,1
88.142056,27.270667,1,157,1482.72351074219,5,9,0.274278432130814,1133.17602539062,5,32,1,1
88.144278,27.269778,1,170,1455.53100585938,5,9,0.378145962953568,1133.34350585938,5,26,1,1
88.145306,27.254389,1,264,1489.44226074219,5,6.82406187057495,0.261909633874893,1164.17858886719,5,18,1,1
88.145611,27.258889,1,240,1518.35131835938,5,3.02112340927124,0.238432437181473,1153.30773925781,5,45,1,1
88.147028,27.258556,1,47,1547.61462402344,5,8,0.22253106534481,1155.70922851562,5,42,1,1
88.148611,27.25675,1,359,1582.15576171875,5,8,0.178290903568268,1166.33190917969,5,19,1,1
88.8710828326,27.2951578618,0,103,3672.19750976562,5,8,0.246288940310478,1709.40783691406,5,32,1,1
88.2815041076,27.5957209715,0,29,3453.24951171875,5,8,0.0794885158538818,1386.23962402344,15,34,2,1
88.7759269922,27.4194563742,0,286,3922.7978515625,5,8,0.127004235982895,1452.23010253906,5,16,2,1
88.6061003363,27.5766816567,0,176,3716.5068359375,5,8,0.252575427293777,1472.59765625,5,35,2,3
88.4957207443,27.6979151489,0,247,4521.9716796875,3,5,0.0553511716425419,1464.36596679688,5,32,2,2
88.6887478182,27.315757111,0,133,2493.95703125,5,8,0.317961782217026,1291.43505859375,10,30,4,1
88.6151157988,27.2395466778,0,277,1079.59704589844,9,8,0.141461730003357,1249.54711914062,5,12,3,1
88.6675211364,27.8128930853,0,19,4623.88671875,5,8,-0.0081877065822482,1380.11645507812,5,45,2,1
88.4352302179,27.3607264398,0,130,2144.58227539062,9,8,0.264247357845306,842.242980957031,5,36,1,2
88.6760312926,27.5283822222,0,25,2077.30639648438,5,8,0.205173775553703,1483.34838867188,5,34,1,1
88.878065278,27.8351362541,0,285,5202.21875,3,1.94474184513092,0.0146203832700849,1369.88952636719,20,12,2,2.39763355255127
88.2533039793,27.5832077257,0,143,4671.05517578125,5,4,0.0125363413244486,1390.05444335938,10,31,2,2
88.4403912549,27.4388195742,0,67,2628.86596679688,9,8,0.214366436004639,1106.19213867188,5,19,1,1
88.8743602521,27.3308502525,0,286,4133.896484375,5,4.18092727661133,0.145260915160179,1727.74829101562,5,9,1,1
88.9087366619,27.3048574454,0,324,4291.1552734375,5,4.19706153869629,0.0831625238060951,2018.18225097656,10,21,1,2
88.1248236105,27.3404353644,0,356,2297.6123046875,5,8,0.0562649704515934,1086.35339355469,10,22,1,1
88.4551068139,27.6761219914,0,197,3877.66674804688,5,8,0.0680543780326843,1502.21301269531,5,22,1,1
88.5352834693,27.8301795831,0,44,4215.3603515625,5,8,0.0481058061122894,1402.42175292969,5,33,1,2
88.1471754035,27.6309273237,0,358,5061.59765625,3,7.28176307678223,-0.0174083355814219,1541.44653320312,15,41,2,1
88.0936185505,27.4161542286,0,109,4197.61376953125,4,3,0.196101680397987,1174.77648925781,5,42,1,3
88.4846331674,27.2046167465,0,118,319.793518066406,9,10,-0.0142700942233205,1039.92272949219,5,27,1,1
88.3777268872,27.687509598,0,233,4590.05712890625,3,4.2361855506897,0.0418746136128902,1458.67395019531,10,46,2,1
88.4288783143,27.6296372458,0,232,3374.5673828125,5,8,0.164215639233589,1523.94177246094,5,36,1,1
88.7872872076,27.8076784792,0,358,5293.80126953125,3,5,0.0262779258191586,1405.44677734375,10,18,2,3
88.6940854671,27.6052113727,0,17,2904.67919921875,5,8,0.027052054181695,1551.28967285156,5,56,1,2
88.7587483685,27.4515033725,0,333,4423.39599609375,3,8,-0.016125762835145,1489.90051269531,10,45,1,2
88.652896885,28.0488108184,0,197,5248.7705078125,1,4.18092727661133,0.0050156102515757,1171.88708496094,10,7,1,1
88.212250926,27.8174221142,0,146,5712.953125,3,5,0.0019253103528171,1348.39916992188,15,4,2,1
88.5788703113,27.586544149,0,130,3525.26245117188,5,3.01613426208496,0.15911340713501,1472.40209960938,10,33,2,2
88.3631640067,27.2960719996,0,244,2094.98364257812,9,2.00099778175354,0.177184104919434,937.002502441406,10,16,1,2
88.4130271229,27.1890011953,0,55,1341.58740234375,9,8.00322723388672,0.348897039890289,1069.54992675781,5,27,1,2
88.4183968558,27.894203928,0,292,4567.14990234375,5,3,0.0742645338177681,1467.35241699219,5,22,1,1
88.6099152026,27.9461764487,0,311,4856.4462890625,5,3,0.114679746329784,1301.70324707031,5,17,1,1
88.9021915868,27.3089051491,0,239,3925.78125,5,3,0.0861542001366615,1980.26770019531,10,56,1,1
88.5896563119,27.8857510186,0,204,4718.318359375,3,5.29144382476807,0.120239123702049,1364.83947753906,6.98816728591919,30,1,1
88.3256378065,27.673017984,0,195,4010.63452148438,5,4.2361855506897,0.0677038431167603,1419.18347167969,15,48,2,2
88.3360674085,27.5289076416,0,109,4427.67041015625,5,4,0.0045382054522633,1330.40942382812,15,29,1,3
88.3888137271,27.9639297431,0,82,5221.23095703125,4,2.18092727661133,0.0756944641470909,1446.20336914062,5,9,2,2
88.7336072106,27.3816936118,0,21,3452.22631835938,5,7.99501085281372,0.105397440493107,1326.86694335938,5,11,1,1
88.7089111779,27.8997675192,0,334,4544.78564453125,5,3,0.0563161112368107,1332.12487792969,5,7,1,1
88.1755316433,27.4999934687,0,93,3701.27587890625,5,8,0.197620704770088,1309.32897949219,5,18,1,1
88.2539823608,27.1857207866,0,126,1732.60461425781,11,9,0.369049876928329,1287.85180664062,5,38,1,2
88.4850599251,27.2229910278,0,142,575.245483398438,9,8.76381492614746,0.355286419391632,1017.16973876953,5,27,1,1
88.6331471237,27.3134552182,0,358,1465.14135742188,8,8,0.133358806371689,1291.04028320312,5,39,1,1.39763343334198
88.7108721712,27.394290015,0,206,3806.64697265625,5,3,0.0724882185459137,1357.64367675781,5,14,1,2
88.535958066,27.4757798261,0,329,859.533569335938,9,8,0.0890186280012131,1303.17907714844,5,31,1,1
88.79632684,27.5950589332,0,27,4688.43408203125,5,5.00968074798584,0.0077862599864602,1578.28857421875,10,19,1,2
88.2711225229,27.870806705,0,56,5315.10009765625,5,5.97887659072876,0.024643536657095,1341.3564453125,5,18,2,1
88.6509034411,27.4294896985,0,300,2119.42602539062,4,8,0.143922209739685,1352.7099609375,5,25,1,1
88.2438735457,27.950200496,0,245,6012.75146484375,2,5,-0.0287982150912285,1297.43225097656,5,19,2,3
88.0558338971,27.2261832387,0,97,2934.6865234375,5,8,0.228554859757423,1355.53198242188,5,23,1,2
88.1445171139,27.217125054,0,347,2575.42993164062,5,8,0.0499085485935211,1317.45983886719,10,37,1,3
88.2206001364,27.8496279961,0,70,5348.8232421875,3,5,-0.082681268453598,1318.36169433594,10,16,2,1
88.4589005781,27.6587873115,0,341,2691.59521484375,5,8,0.208825245499611,1511.04052734375,5,36,1,1
88.2018448498,27.72431151,0,341,5560.37548828125,3,4.00422477722168,-0.0605944506824017,1390.13061523438,25,6,2,1
88.3677869655,27.9681052453,0,150,5136.16015625,4,4.98310136795044,0.0354342050850391,1403.17431640625,5,15,2,1
88.4838458813,27.1316183404,0,200,456.663360595703,9,8,0.271165668964386,1101.92517089844,10,33,1,1
88.5521090991,27.6434747915,0,41,4001.93725585938,3,8,0.118118613958359,1492.77099609375,10,34,1,3
88.609408588,27.5601342771,0,205,2393.30395507812,5,8,0.32398909330368,1459.73291015625,5,36,3.25720977783203,2
88.733409163,27.8833852657,0,182,5402.40869140625,3,5,0.0557138361036777,1333.732421875,5,19,1,2
88.5352641705,27.6124529407,0,130,3406.54077148438,5,3.02112340927124,0.226929634809494,1482.27197265625,10,12,1,1
88.230290645,27.2980886841,0,184,1870.84985351562,9,8.00322723388672,0.365256667137146,1165.60241699219,5,42,1,3
88.3016668411,27.826084827,0,99,5707.02685546875,3,4,0.0205332599580288,1355.08325195312,10,26,1,3
88.6252431721,27.2825938194,0,315,1393.970703125,9,8,0.0978112518787384,1266.77453613281,5,26,1,1
88.2087880508,27.4269024371,0,193,3278.50268554688,5,3,0.276261299848557,1202.50952148438,5,56,1,2
88.6970248908,28.0008983979,0,334,5438.8193359375,3,8,-0.0235821399837732,1282.4033203125,10,44,2,1
88.3231096207,27.4895765036,0,121,3540.22802734375,5,3,0.138208582997322,1261.60571289062,10,45,2,1.60236656665802
88.4942070061,27.8570735222,0,177,5059.705078125,3,5.0029935836792,0.0660465732216835,1401.13073730469,6.42731904983521,16,2,2
88.7047504737,27.9160535702,0,197,4859.0029296875,5,3.71823692321777,0.0885144099593163,1336.75085449219,5,31,2,1
88.5893079276,27.8417310759,0,286,4314.158203125,5,5,-0.018473993986845,1378.1533203125,5,14,1,1
88.5906414197,27.4863414282,0,242,2889.48779296875,5,8,0.160595431923866,1365.91833496094,5,6,1,2
88.2163112387,27.3985281607,0,287,2028.68798828125,5,8,0.145430862903595,1175.79284667969,5,36,1,1
88.2130277723,27.1460069813,0,208,809.394958496094,9,8,0.294007062911987,1400.23156738281,5,12,1,1
88.3778784804,27.7910531201,0,25,5136.5419921875,5,4.2361855506897,-0.0174296740442514,1388.04833984375,5,22,1,3
88.8758325885,27.2861378908,0,307,3042.29516601562,5,7.98386573791504,0.0651040002703667,1747.91540527344,5,31,1,1
88.6903621879,27.2257520848,0,143,913.679138183594,5,9,0.257074981927872,1325.27111816406,5,16,1,1
88.6880775467,27.4722259753,0,166,2910.853515625,5,3,0.304383099079132,1431.25964355469,10,49,1,1.39763343334198
88.5070559992,27.4124116544,0,36,913.498596191406,9,8,0.183084532618523,1104.27087402344,5,20,1.2255437374115,1
88.5745926889,27.4685612904,0,253,2324.35595703125,9,8,0.149702861905098,1330.57458496094,5,35,1,1
88.7058190023,27.541231861,0,125,3008.86499023438,5,8,0.340482413768768,1517.53344726562,5,41,1,1
88.4352600896,27.7150692154,0,65,4213.8203125,5,4.25231981277466,0.0049165836535394,1452.58044433594,5,32,1,1
88.5083641733,27.5066346455,0,137,1450.06005859375,9,7.99823760986328,0.343181848526001,1310.89465332031,5,35,4,2
88.7771313228,27.5799964835,0,163,4495.32177734375,5,4.05924940109253,0.090444803237915,1581.04235839844,10,3,1.08906829357147,2
88.3440983263,27.4403570802,0,160,2142.74340820312,4,8,0.209061041474342,1155.32580566406,5,56,1,1
88.3977236954,27.7905839675,0,14,5097.41943359375,5,7.99031925201416,-0.0285708662122488,1390.48876953125,5,33,1,2
88.5643580453,27.9837714127,0,158,5241.0869140625,5,6,0.0315226055681705,1300.79833984375,5,35,2,1
88.6849530481,28.0757214563,0,107,5306.91552734375,5,0.99577534198761,0.0478747449815273,1261.49987792969,10,9,1,2
88.3820737342,27.6863782529,0,207,4493.1826171875,3,5,0.0719400495290756,1462.85510253906,10,46,2,1
88.680689236,27.5113731702,0,315,3091.48193359375,5,8,-0.0058167180977761,1470.58044433594,5,28,1,2
88.5757700957,27.8986527577,0,83,4619.2939453125,5,3.0049889087677,0.115769609808922,1352.24108886719,5,22,2,2
88.6037365403,28.0532756355,0,82,5098.9560546875,1,1,0.0629899948835373,1169.64685058594,5,7,1,1
88.7928609683,27.3364616925,0,120,3644.392578125,5,8,0.216120526194572,1311.23388671875,5,20,1,1
88.7688065537,27.4901393901,0,200,4466.884765625,3,6,0.124795041978359,1548.91186523438,15,25,2,1
88.1207610808,27.2780365029,0,202,1958.18688964844,5,9,0.334906160831451,1132.11328125,5,30,1,1
88.7127302351,27.2206980944,0,351,1643.77722167969,5,8,0.151475623250008,1341.8369140625,5,25,1,2
88.5863201378,27.3521193422,0,257,1386.22814941406,9,8,0.251318216323853,1220.19409179688,5,30,1,1
88.1564501484,27.6667051156,0,182,5332.0576171875,3,4,0.0290278680622578,1511.45776367188,15,56,2,2
88.0899326292,27.2420860622,0,22,2330.36328125,5,8,0.181085184216499,1263.31994628906,5,29,1,1
88.7396658718,28.0710926229,0,205,5279.2294921875,1,1,0.0676848068833351,1133.00939941406,10,5,1,2
88.7703153801,27.8206954542,0,216,4617.6240234375,3,3.01267409324646,0.0846208855509758,1387.28649902344,10,27,2,1
88.171718922,27.2337749841,0,116,1817.60791015625,5,9,0.395578861236572,1220.81494140625,5,45,1,1
88.2908061596,27.8053268029,0,49,5803.10302734375,3,4,-0.0302188415080309,1355.64477539062,10,16,2,2
88.6841940447,28.0434469781,0,335,5050.61328125,1,1.94474184513092,0.0610977411270142,1190.84350585938,10,10,1,1
88.3151902218,27.513331892,0,63,3604.43090820312,5,7.99501085281372,0.101434662938118,1298.08435058594,10,55,1,1
88.7304556095,27.5234920785,0,332,3676.93725585938,5,8,-0.0047463988885283,1520.70434570312,10,33,1,1
88.381103833,27.6479373272,0,195,3597.32104492188,5,3,0.079286202788353,1476.56958007812,10,4,2,1
88.6388455435,27.515376896,0,55,2495.37475585938,5,8,0.16995570063591,1442.56579589844,5,15,1,1
88.7224514906,27.1828291606,0,36,1600.05895996094,5,8,0.283630818128586,1363.44921875,5,24,1,1
88.1905268724,27.4849137335,0,290,3764.40161132812,5,8,0.0889119580388069,1284.88488769531,5,31,1,1
88.0438144406,27.2948328125,0,340,3530.54296875,5,4.19706153869629,0.0746461674571037,1222.06945800781,5,17,1,3
88.529045883,28.0271310509,0,202,5685.04150390625,3,4,-0.079073429107666,1277.36193847656,5,20,2,3
88.5738399287,27.8733745208,0,193,3973.263671875,5,4.19207239151001,0.164769053459167,1377.02734375,5,16,2,1
88.5110489637,27.7391896196,0,69,4351.81689453125,3,5,0.0309412349015474,1432.09692382812,5,28,2,2
88.4314787857,27.4838066599,0,142,2329.556640625,4,8,0.279997676610947,1251.62841796875,10,38,1,1
88.186085422,27.2197038047,0,77,2356.75048828125,5,8,0.123786762356758,1258.78308105469,10,15,1,2
88.6835680814,27.3865009415,0,352,3233.80786132812,5,8,-0.0118859950453043,1345.79907226562,5,45,1,2
88.3983027021,27.7473355315,0,345,4696.1875,4.16437005996704,5,-0.0080178091302514,1417.71276855469,10,41,2,1
88.3970656199,27.4932305552,0,6,2963.96435546875,5,8,0.0430961698293686,1272.01208496094,10,27,4,1
88.4531574832,27.1573189437,0,190,1111.24255371094,9,8,0.420181483030319,1080.94140625,10,31,4,1
88.1436899668,27.490471713,0,216,4035.71118164062,5,3.01613426208496,0.11418329179287,1303.27722167969,5,43,1,1
88.7765275113,27.7834251878,0,229,4310.083984375,3,8,0.177176341414452,1429.56982421875,10,20,1,2
88.7475576625,27.7045546597,0,86,2838.29223632812,5,8,0.231092318892479,1539.00671386719,5,12,2.91093182563782,1
88.8022498266,27.2323647207,0,159,2885.71459960938,5,8,0.112975336611271,1473.88525390625,5,25,1,2
88.3139195048,27.9494645952,0,282,5176.62255859375,5,4.23941230773926,0.0757379159331322,1318.37585449219,5,21,2,1
88.2528441416,27.2326860995,0,6,1511.40087890625,9,7.97465181350708,0.185316294431686,1230.078125,5,25,1,2
88.7050444296,28.0343109811,0,158,5173.02978515625,5,1,0.0487169623374939,1221.0546875,10,4,2,1
88.70956506,28.0246844068,0,227,5148,5,7,-0.13210591673851,1244.78515625,10,6,2,1
88.8533747568,27.2805174662,0,216,3671.2822265625,5,8,0.206707179546356,1620.08093261719,5,14,1,2
88.7454056655,27.6385523353,0,9,3404.7734375,5,8,0.0527737624943256,1572.48168945312,5,37,1,1
88.1422915793,27.6341667369,0,133,5167.87158203125,3,4,-0.0490746758878231,1545.72119140625,10,8,2,1
88.2790236783,27.2533576786,0,359,1483.56896972656,9,8,0.17571397125721,1185.61047363281,5,18,2,3
88.1983251526,27.6310101554,0,181,4714.78955078125,5,5.9970064163208,0.148626461625099,1468.47644042969,15,44,2,1
88.7320499841,27.3158078122,0,247,2155.91088867188,5,4.18092727661133,0.150665655732155,1251.234375,10,28,1,1
88.1356227706,27.3817475966,0,145,3239.7880859375,5,8,0.235031262040138,1123.54553222656,10,54,1,2
88.1382163176,27.6148545334,0,83,5990.908203125,3,4.76058769226074,-0.0271997265517712,1542.74182128906,10,34,2,2
88.0827475193,27.2535706058,0,58,2501.93579101562,5,8,0.210565388202667,1225.70141601562,5,26,1,2
88.5061517854,27.6064610269,0,62,3948.2392578125,5,3,0.102281600236893,1491.82373046875,5,10,1,2
88.7031692473,27.8611126647,0,221,4456.07763671875,4,6.80293846130371,0.0715110749006271,1332.78637695312,5,50,1,1
88.690235236,27.727916443,0,230,4624.560546875,3,4.18092727661133,0.0324405021965504,1497.50927734375,10,45,1,1
88.4253530382,27.6519048938,0,115,4170.8935546875,3,1,0.0405738465487957,1518.21911621094,5,50,2,3
88.1616305701,27.3392363707,0,7,2388.5,5,8,0.280872017145157,1103.83825683594,10,4,1,2
88.4263309843,27.76028657,0,305,4140.0263671875,5,8,-0.0006455880939029,1405.40795898438,5,34,1,1
88.4567289001,27.1325485475,0,221,564.661071777344,9,8,0.31157061457634,1069.31469726562,5,22,2,1
88.2455746937,27.1359310336,0,178,1073.8896484375,9,9,0.312761694192886,1376.6552734375,5,30,1,3
88.5115103359,27.3204272219,0,301,1482.52001953125,9,7.97887659072876,0.199798360466957,937.900634765625,5,25,1,1
88.3240697176,27.3139441448,0,169,1071.21643066406,9,9,0.366412729024887,1021.71978759766,10,45,1,1
88.4289759908,27.3302199306,0,142,1740.82043457031,9,9,0.32706093788147,788.787841796875,5,59,1,2
88.7848343185,27.5020917086,0,166,4972.27880859375,3,5.0029935836792,0.020052645355463,1571.24865722656,15,15,1,3
88.3413099132,27.4641264272,0,173,3428.81030273438,5,6.80293846130371,0.204056933522224,1210.40979003906,10,36,1,2
88.521599165,27.6959662821,0,75,4434.52197265625,3,5,0.0287242904305458,1456.46948242188,5,28,1,3
88.837628614,27.7144716909,0,212,4939.41162109375,3,4,0.0476614311337471,1520.04309082031,5,21,1,2
88.4646200727,27.3600127248,0,135,1078.02404785156,9,8,0.326402872800827,864.524047851562,5,29,1,1
88.3104332916,27.9105616039,0,7,5268.72216796875,4,4.99600887298584,0.046933364123106,1332.65185546875,5,4,1,2
88.7750425402,27.926300169,0,313,5341.30908203125,3,5,0.0201277360320091,1348.26489257812,5,14,2,2.56958723068237
88.2955447446,27.1616044059,0,308,396.778442382812,12,8,0.0616698414087296,1263.83923339844,5,31,1,1
88.1904361457,27.6808470119,0,163,7000.5,3,4,-0.0388206131756306,1458.02575683594,20,56,2,3
88.3381820901,27.3745175201,0,162,1288.17065429688,9,9,0.296147435903549,1027.99426269531,5,58,1,1
88.1638869693,27.4553137481,0,303,3148.51220703125,5,8,0.0257221255451441,1238.37646484375,5,46,1,1
88.3019760692,27.9377468452,0,190,5122.03125,4,4.81907272338867,0.0911130085587502,1316.90209960938,5,31,2,1
88.0330455569,27.2671478094,0,34,3076.40307617188,5,8,0.093026839196682,1283.78466796875,5,22,1,2
88.759556004,27.8821122748,0,117,5631.173828125,3,5,0.0281979646533728,1352.49243164062,10,47,2,3
88.0971359802,27.3896564372,0,126,3631.21801757812,5,4.18092727661133,0.209815844893456,1139.95007324219,5,50,1,2
88.5293892374,27.7850081876,0,150,4167.4853515625,5,8,0.340955644845963,1410.39440917969,5,32,1.08906829357147,2
88.3990994985,27.1227153732,0,267,1140.02062988281,9,8,0.204480275511742,1102.283203125,5,39,1,1
88.0841713532,27.542817657,0,184,5067.240234375,3,5,0.0354839377105236,1387.83715820312,5,45,2,1
88.4630580108,27.793397584,0,137,4527.16650390625,5,6,0.131910070776939,1392.20739746094,5,11,1,2
88.1637056645,27.3990993503,0,218,3194.22314453125,5,8,0.308358520269394,1158.55725097656,5,26,1,1
88.1537067244,27.3047278582,0,332,1940.32299804688,5,8,0.186728179454803,1096.30871582031,5,21,3.25720977783203,1
88.4738482809,27.4178098736,0,139,2225.5078125,9,8,0.223434641957283,1065.69946289062,5,33,1,2
88.3201265215,27.1488061872,0,169,1298.13293457031,9,9,0.332906514406204,1230.16418457031,5,22,1,2
88.266467218,27.5929144488,0,39,4126.55029296875,5,8,0.024569395929575,1393.24523925781,15,35,1.08906829357147,2
88.5028243825,27.4378418381,0,344,1103.91027832031,9,8,0.146947115659714,1168.49182128906,5,27,1,1
88.7561919905,27.9931570007,0,329,5276.8671875,3,4.05924940109253,0.0021643170621246,1319.97021484375,5,27,1,1
88.5181277054,27.9480629014,0,307,4986.70654296875,3,7.97887659072876,0.002326559042558,1410.18127441406,5,35,1,2
88.5883222756,27.7870789543,0,208,3882.18823242188,5,3,0.200282514095306,1397.60986328125,5,43,1,1
88.1326328973,27.5862933747,0,182,6213.11572265625,3,4,-0.0361232087016106,1504.54333496094,5,45,2,3
88.1465891844,27.8787941178,0,27,7146.69580078125,3,4,-0.0776066854596138,1373.33361816406,15,33,2,3
88.8166175806,27.7411924128,0,229,4482.72998046875,5,4.17793369293213,0.049252949655056,1490.32702636719,10,50,1,2
88.2109942316,27.919287727,0,189,5253.525390625,6,5,0.0187730677425861,1349.54675292969,5,42,1.08906829357147,1
88.141438585,27.2887010147,0,143,2718.62719726562,5,8,0.225870907306671,1098.53637695312,5,7,1,3
88.7311181125,27.1827203274,0,305,1364.59533691406,5,8,0.0665038153529167,1368.64233398438,5,24,1,1
88.4389252692,27.9534893335,0,112,4856.75439453125,5,6,0.110068261623383,1517.53332519531,5,37,1,1
88.1476177558,27.9318370306,0,34,5822.16748046875,6,5,-0.0185854397714138,1431.09313964844,10,28,2,2
88.825103522,27.3720805697,0,180,3988.79077148438,5,3,0.16020379960537,1475.5732421875,5,2,1,2
88.3272287076,27.5558257911,0,67,4025.70239257812,5,6.81907272338867,0.110421597957611,1357.32824707031,15,44,1,1
88.313518567,27.7415124268,0,160,5282.68505859375,3,5,0.0343482233583927,1379.6298828125,15,31,1,2
88.3874446067,27.4732836166,0,188,2860.7890625,4,8,0.260132968425751,1210.78625488281,10,34,1,1
88.4563041781,27.4845388747,0,4,1507.16296386719,9,8,0.195194482803345,1252.16357421875,10,31,1,1
88.4441975576,27.4930365922,0,313,2308.67163085938,4,9,0.320218831300735,1266.69177246094,10,7,3.73279523849487,2
88.1937830202,27.8282451433,0,98,6225.59912109375,3,4.00422477722168,-0.0404566563665867,1321.49108886719,15,46,2,3
88.1713395143,27.1247783135,0,206,675.788696289062,5,8.00422477722168,0.240974068641663,1568.17333984375,10,2,1,1
88.4649375884,27.5039859479,0,156,2315.69140625,4,8,0.281682789325714,1308.82116699219,5,46,1,2
88.3312669206,27.6805007795,0,200,5250.7958984375,3,4.00422477722168,0.0150404730811715,1421.01403808594,15,44,2,2
88.6846270832,27.3373656326,0,330,2121.85278320312,5,8,0.013666226528585,1301.83996582031,5,38,1,1
88.308793187,27.6532102861,0,207,2831.41479492188,5,2.54376339912415,0.132964387536049,1416.16271972656,15,58,2,1
88.368365049,27.2077805269,0,129,1206.92077636719,11,8.76481246948242,0.417208224534988,1086.56909179688,5,46,1,1
88.3224011633,27.4781000859,0,273,3322.33642578125,5,2.19283699989319,0.142140880227089,1234.79479980469,10,35,2,1
88.1004544334,27.430297079,0,89,4418.51416015625,4,3,0.0985957607626915,1195.76342773438,5,21,1,3
88.7192429918,28.0741645106,0,133,5334.6630859375,1,1,0.0665491074323654,1122.21203613281,10,19,1,3
88.5773243385,28.0374395188,0,149,5188.41259765625,5,1.94474184513092,0.0545308217406273,1210.50402832031,5,16,1,1
88.1559832286,27.8862101554,0,0,6463.15771484375,3,5,-0.0738407298922539,1375.6318359375,10,38,2,2.28546380996704
88.4275036768,27.6926683754,0,187,4178.80322265625,4,4,0.0482590384781361,1490.21765136719,5,12,2,1.71453619003296
88.0724861976,27.3106535272,0,105,2458.30615234375,5,8,0.189500287175179,1146.21923828125,5,6,1,1
88.3148992104,27.224921168,0,221,982.907165527344,13,8.00322723388672,0.327374488115311,1160.92041015625,5,49,1,1
88.8278367441,27.9102400027,0,324,5529.2119140625,3,4,-0.0518256202340126,1331.14111328125,10,16,2,1
88.161248108,27.2177708339,0,93,2597.826171875,5,8.99900245666504,0.322017997503281,1265.94592285156,10,50,1,2
88.3140390255,27.7335401466,0,80,5567.92578125,3,5.70855617523193,-0.0302739907056093,1382.37133789062,15,35,1,2
88.1149278707,27.2327791759,0,337,2360.06030273438,5,8,0.233434081077576,1273.6572265625,5,22,1,1.56958734989166
88.4694474583,27.2481247626,0,12,351.939758300781,9,10,-0.0148046147078276,943.424987792969,5,2,1,1
88.1047213112,27.5565247463,0,55,4946.78662109375,5,8,-0.0227672476321459,1436.05236816406,5,22,2,1
88.2135597502,27.5955254399,0,18,5019.99072265625,5,5,-0.0511324070394039,1436.78674316406,10,43,2,2
88.6238741645,28.0679395389,0,0,4953.365234375,1,6,0.0506043955683708,1141.01159667969,10,3,1,1
88.8482390656,27.8902571429,0,235,5046.1416015625,3,4.9870924949646,0.0347404889762402,1325.38952636719,15,22,2,1
88.3778265988,27.4341248828,0,316,2267.19702148438,9,8,0.0678986459970474,1110.15698242188,5,23,1,1.39763343334198
88.1470806879,27.3400392189,0,189,1869.94909667969,5,8.7615852355957,0.363352626562119,1094.80908203125,10,48,1,1
88.2794599531,27.9162032098,0,312,5131.35009765625,4,3,-0.0041648931801319,1311.865234375,5,34,1,1
88.5362112355,27.6033591129,0,255,3100.05493164062,5,3,0.13060088455677,1478.3994140625,10,28,1,1
88.7868276332,27.4416814537,0,209,4428.3115234375,3,3,0.0708565935492516,1515.40588378906,10,29,1,2
88.6843463379,27.8743464915,0,36,4987.31787109375,4,4,0.0234737936407328,1328.14953613281,5,1,1,1
88.7042285347,27.4846615093,0,37,3988.92163085938,5,3,0.117092572152615,1461.05163574219,10,32,4,2
88.167446146,27.6705185784,0,188,5623.45068359375,3,4,-0.0224347747862339,1492.3037109375,15,29,2,2
88.6348379283,27.4463571614,0,50,2237.73803710938,5,8,0.222762107849121,1357.36791992188,5,26,2,2
88.4579098541,27.516719051,0,321,2077.55737304688,4,8,-0.0014871401945129,1336.076171875,5,39,1,2
88.5052590904,27.4098766022,0,9,1104.52160644531,9,8,0.228651016950607,1095.69836425781,5,22,1,1
88.3128003796,27.8587051479,0,309,5096.51953125,5,5,0.0639582499861717,1359.48278808594,5,4,1,1
88.7626959416,27.4873127191,0,232,4119.7978515625,3,7.98386573791504,0.090926893055439,1539.48754882812,15,16,2,1
88.2886914275,27.7349737938,0,39,5519.86376953125,3,4.00099802017212,-0.0162278916686773,1375.36010742188,15,12,1,3
88.3956802724,27.7382553484,0,107,4987.64990234375,3,4,-0.00110700330697,1421.6689453125,10,43,1,2
88.7523843864,27.7662218258,0,258,4445.73486328125,3,5,0.063392847776413,1454.08190917969,5,8,1,2
88.3512687103,27.7973595337,0,16,4912.1279296875,3,4,-0.0077073024585843,1376.58386230469,5,9,2,1
88.3654686412,27.9404091285,0,238,5073.45947265625,5,6,0.0887303501367569,1415.09899902344,5,18,1,2
88.7499208069,27.1587755981,0,208,2493.8701171875,5,8,0.321295201778412,1372.13671875,10,24,4,2.39763355255127
88.1673620516,27.2992421042,0,320,2039.46997070312,5,8,0.048194982111454,1115.65490722656,5,29,4,2
88.6946326358,27.5043406099,0,50,3491.22485351562,5,8,0.029725844040513,1476.58557128906,10,28,1,2
88.4541133799,27.5515666125,0,25,1106.54736328125,4,9.99354648590088,0.229968354105949,1425.26867675781,5,27,1,1
88.6481920542,27.7173839373,0,23,4484.52734375,5,5,0.0201195552945137,1503.17932128906,10,33,1,2
88.4686156028,27.1457011681,0,67,1065.45959472656,9,2.99155068397522,0.229386582970619,1079.427734375,10,25,1,2
88.4457517403,27.2751641083,0,288,703.276794433594,9,8,0.139961108565331,846.712707519531,5,34,1,1
88.5290750677,27.3933194478,0,42,1067.53686523438,9,8,0.273814976215363,1112.57409667969,5,29,1,2
88.6144643466,27.4762473079,0,215,3324.91796875,5,8,0.0297733843326569,1375.44079589844,5,68,1,3
88.27827323,27.8333530196,0,304,5233.35009765625,3,6,0.0469319149851799,1348.68640136719,10,11,1,1
88.5822068492,27.5585479178,0,219,2022.650390625,5,8,0.330913245677948,1445.57482910156,5,33,1,1
88.8706558079,27.911790294,0,319,6396.74365234375,3,4,-0.0405036434531212,1301.22204589844,15,28,2,3
88.3761996952,27.5786915254,0,46,1739.96362304688,5,8,0.315090984106064,1431.11242675781,10,17,1.75240325927734,1
88.2800932774,27.3331507913,0,178,1326.98193359375,9,8.23941230773926,0.390681087970734,1102.37329101562,5,25,1,2
88.3098237858,27.216994992,0,34,660.155944824219,12,8,0.264151841402054,1180.64892578125,5,27,1,1
88.7092308073,27.3630998012,0,331,3028.36206054688,5,8,0.0069953645579516,1303.97351074219,5,26,4,1
88.6731443465,27.8683927074,0,188,4651.25390625,3,4.00422477722168,0.0119999591261148,1341.93432617188,5,2,2,1
88.2079805582,27.9415013536,0,77,6318.990234375,2,5.0029935836792,-0.0535392612218857,1346.388671875,5,28,2,2
88.7721548514,27.2239167038,0,164,1779.85986328125,5,8.99900245666504,0.40975233912468,1412.03491210938,5,41,1,1
88.55193731,27.6576048102,0,33,3493.34497070312,5,8,0.193671613931656,1490.47741699219,5,33,1,2
88.4437070402,27.145458987,0,158,834.740051269531,9,9,0.321363717317581,1081.0263671875,5,14,1.24759674072266,2
88.3536705062,27.6043535303,0,119,2828.38037109375,5,8,0.015672205016017,1433.80615234375,10,15,1,2
88.5733917048,27.9721438788,0,135,4695.2373046875,5,6,0.111681781709194,1306.15283203125,5,29,1,1
88.174390322,27.6096556046,0,153,5457.4873046875,3,4,-0.0380653329193592,1503.5693359375,10,36,2,2
88.8079282264,27.6606243837,0,11,4569.5556640625,4,4,0.0010991038288921,1558.74365234375,5,25,1,2
88.5028548642,27.8382263348,0,105,5090.64404296875,3,5,0.0530984662473202,1385.92236328125,5,45,2,2
88.6162444688,27.3289585456,0,105,1707.74975585938,9,2,0.176511064171791,1270.0400390625,5,22,1,2
88.2336223951,27.9374051744,0,306,5359.6923828125,6,1,0.0505096390843391,1314.18090820312,5,12,2,1
88.6778812378,27.5231235601,0,338,2446.55419921875,5,8,0.0261063799262047,1482.44067382812,5,37,1,1
88.4695072153,27.6759761504,0,224,3948.2939453125,5,5.71823692321777,0.11154717206955,1493.93676757812,5,29,1,1
88.8434346317,27.2832120597,0,208,3440.79028320312,5,8,0.209009081125259,1559.96154785156,5,36,1,1
88.5190721884,27.2577231371,0,92,1112.40466308594,9,3,0.284829884767532,1046.05346679688,5,25,1,2
88.485872412,27.3643538596,0,277,885.582275390625,9,8,0.179623112082481,919.814697265625,5,31,1,1
88.6010430703,27.9195659391,0,266,4982.7685546875,5,3,0.0480523109436035,1321.73754882812,5,49,1,2
88.4001676871,27.3976190503,0,297,2907.1142578125,9,8,0.133684799075127,970.22021484375,5,17,1,3
88.8299343143,27.9891910494,0,5,5592.63623046875,5,1,0.0486637912690639,1282.94006347656,5,3,2,1
88.2600445337,27.4101477255,0,49,2623.97119140625,5,8,0.172398567199707,1169.77099609375,5,37,2,1
88.0933963572,27.2225248933,0,115,2809.28564453125,5,8.00322723388672,0.350250005722046,1323.48596191406,5,24,1,2
88.3711714913,27.4765013711,0,123,2871.31469726562,5,8,0.264903992414474,1223.13049316406,10,32,1,1
88.1339664799,27.5742590305,0,228,5589.71484375,5,5,-0.0253021456301212,1484.70971679688,5,37,2,3
88.6863471228,28.0339174208,0,261,5107.603515625,5,1,0.0460148006677628,1211.77502441406,10,2,2,1
88.156266334,27.2650620314,0,177,1225.97644042969,5,9,0.34758123755455,1148.87133789062,5,36,1,1
88.2516653494,27.1302040869,0,178,716.270080566406,9,9,0.430576205253601,1376.19116210938,5,37,1,3
88.7250569222,27.230207221,0,279,1642.99072265625,5,8,0.0996387749910355,1342.22033691406,5,30,1,2
88.4080044806,27.4622274775,0,146,3460.51879882812,8,8,0.192814886569977,1177.24536132812,10,2,1,3
88.4631890024,27.7501559074,0,44,4554.43212890625,3,1.9653342962265,0.0554472357034683,1410.91052246094,5,22,1,1
88.7547358545,27.1701026437,0,323,2452.69213867188,5,8,0.0244695823639631,1391.73132324219,10,22,1,3
88.0847690244,27.4505696959,0,57,4114.46533203125,7,4.19706153869629,0.105599954724312,1226.72094726562,5,51,2,1
88.4446359417,27.4710491557,0,9,2070.3564453125,9,8,-0.0103962896391749,1205.68664550781,10,26,4,1
88.3323684142,27.7395170304,0,274,4842.0830078125,3,5,0.0049988646060228,1387.1435546875,15,49,1,1
88.6541345695,27.8443728522,0,344,5260.3310546875,3,4,-0.0135978544130921,1361.03466796875,5,15,2,2
88.4857277067,27.2907598705,0,322,2056.70703125,9,8,0.131403923034668,886.292846679688,5,28,3,4
88.4919429815,27.7007117927,0,226,4591.935546875,3,7.9970064163208,0.0213135853409767,1461.06652832031,5,18,2,2
88.5236330714,27.9670428392,0,251,5698.498046875,3,5,-0.0124717568978667,1386.36901855469,5,46,2,2.39763355255127
88.2298240869,27.8075517006,0,73,5723.94580078125,3,4.00422477722168,-0.026360085234046,1350.02661132812,15,10,2,2
88.1088797899,27.3729902906,0,137,2783.17846679688,5,8.00322723388672,0.259638130664825,1111.08374023438,10,25,4,1
88.4659865518,27.9469722624,0,254,5095.31640625,5,3.71501016616821,0.0354406945407391,1503.59655761719,5,18,1,2
88.6164196878,27.7577319762,0,14,4382.97900390625,3,4.76058769226074,0.0008817596244625,1410.30187988281,10,26,2,2
88.3455317962,27.1145581746,0,189,583.248718261719,9,8,0.356115818023682,1190.81433105469,5,30,1,2
88.7978157037,27.3807230242,0,231,4183.64208984375,5,3.71823692321777,0.107467338442802,1409.80554199219,5,15,2,1
88.1466344577,27.2236892564,0,337,2402.10083007812,5,8,0.180358707904816,1238.17761230469,5,15,1,2
88.6264099752,27.4633790512,0,178,3003.52661132812,4,8,0.278838992118835,1368.34582519531,5,40,1,2
88.3794720753,27.3404799157,0,274,2944.837890625,9,8,0.12537693977356,888.099670410156,10,26,1,3
88.6552658738,27.4924365029,0,36,3299.69702148438,5,8,0.0897564515471458,1427.82958984375,10,9,1,2
88.6244495394,27.7322051823,0,161,3752.951171875,5,8,0.231100350618362,1424.61450195312,10,37,1,1
88.3932636535,27.676330018,0,81,4290.2470703125,3,8,-0.022748900577426,1478.4736328125,5,66,2,1
88.2530076114,27.5829709372,0,136,4675.5419921875,5,4,0.000582271371968,1389.94494628906,10,38,2,2
88.6417686807,28.0772109509,0,280,5268.60498046875,1,3.70855641365051,0.0488821640610695,1119.15673828125,10,23,1,2
88.8327909613,27.3311282767,0,1,4088.28247070312,5,3,0.137010470032692,1475.96398925781,5,10,2,2
88.7959187695,27.7909183345,0,254,4897.30419921875,3,5,0.001998959807679,1424.5458984375,10,24,2,3
88.7709550042,27.2229141589,0,202,1738.36254882812,5,8,0.0780111625790596,1410.09094238281,5,20,1,1
88.0827343672,27.1920721929,0,22,2555.31811523438,4.4413046836853,8,0.0960109382867813,1433.02185058594,10,28,1,2
88.1241200142,27.5163016374,0,112,4184.59521484375,5,5.99031925201416,0.150166481733322,1354.64013671875,5,29,2,1
88.3114247782,27.4667420058,0,128,3510.9697265625,5,3,0.189755752682686,1222.62231445312,10,52,2,2
88.3827334618,27.8214193101,0,194,4879.77587890625,3,6,0.111551642417908,1381.46594238281,5,30,2,2
88.8562128778,27.8091799896,0,244,5068.08837890625,3,5,0.0023430266883224,1403.05444335938,15,38,2,3
88.4374961132,27.1180469742,0,18,1104.76220703125,9,8,0.286040335893631,1053.15063476562,5,16,1,2
88.5693420019,27.8977063046,0,340,4690.13818359375,5,5,0.0270468462258577,1357.43481445312,5,13,1,2
88.1756886189,27.3652668288,0,81,2274.23266601562,5,8,0.261865943670273,1124.49670410156,5,45,1,2
88.7382732183,27.6099441249,0,254,3851.654296875,5,8,-0.0197167415171862,1569.89501953125,5,32,2,1
88.2334387927,27.6442673463,0,139,5111.2900390625,3,5,0.0173749588429928,1431.48120117188,15,35,2,1
88.795583376,28.0400325356,0,234,5464.98388671875,10,5,0.0722131058573723,1198.50561523438,5,17,1,2
88.4338618852,27.7894685797,0,77,4417.466796875,5,8,-0.0097709419205784,1394.15783691406,5,26,1,1
88.8393095446,27.7370347874,0,255,4977.388671875,3,4.05379343032837,0.013991410844028,1498.47827148438,10,30,2,2
88.242301364,27.1618939885,0,16,937.248657226562,11,8,0.326230198144913,1336.73388671875,5,12,2,1
88.0960499958,27.5459590204,0,123,5359.0849609375,5,4,-0.132879659533501,1406.92700195312,5,23,2,2
88.4610799972,27.4943871881,0,171,1748.87915039062,8,8,0.289887726306915,1281.30114746094,5,34,1,1
88.7972515872,27.8908576553,0,190,5457.61962890625,3,4,-0.0459764488041401,1346.33654785156,10,27,1,2
88.4689704949,27.7320111647,0,268,4611.46435546875,5,5,0.0269273482263088,1449.02026367188,5,30,2,2
88.1860926945,27.461307464,0,72,3185.66674804688,5,8,0.219104096293449,1252.88806152344,5,35,1,1
88.720924912,28.0584608928,0,207,5078.6630859375,1,5,0.0716106817126274,1164.005859375,10,6,1,1
88.3020786177,27.8663204935,0,356,4890.14697265625,5,5,0.0407954044640064,1353.84655761719,5,21,1,1
88.1667921123,27.1527966302,0,208,1129.18762207031,5,8.23941230773926,0.36377540230751,1508.6142578125,10,29,1,1
88.148460035,27.9453796984,0,345,5729.62255859375,3,4,-0.0600704289972782,1433.64611816406,10,7,2,3
88.1854033714,27.9181004836,0,68,5388.38720703125,6,8,-0.0496540628373623,1380.38061523438,10,11,2,1
88.4886840747,27.1429717836,0,98,727.89990234375,9,2,0.274113982915878,1111.16918945312,5,27,3,1
88.7681591735,28.0320160789,0,351,5153.75390625,1,1,0.0674418658018112,1236.82824707031,5,12,1,1
88.546410406,27.6445070835,0,30,4070.2255859375,3,8,0.090594507753849,1493.20068359375,10,22,1,3
88.1524915774,27.4519414371,0,16,3235.34204101562,5,8,0.0715444311499596,1229.3486328125,5,11,2,1
88.2548808063,27.9146018795,0,199,5180.24462890625,4,6,0.0833061933517456,1311.2802734375,5,22,2,1
88.158174999,27.6437767755,0,123,5176.1865234375,3,1.95764923095703,0.0779191106557846,1527.06567382812,15,25,2,1
88.7269658675,27.8973125107,0,216,5083.04248046875,5,5,0.043382503092289,1335.81799316406,5,14,1,2
88.2253719065,27.1468313383,0,242,973.859558105469,9,8,0.217707172036171,1387.95788574219,5,41,1,2
88.2987454796,27.5656230525,0,248,3400.40405273438,5,8,0.0036777488421648,1365.69543457031,15,38,2,1
88.3289916635,27.8609854422,0,12,4838.7080078125,5,7.98732614517212,0.0256609003990889,1368.99438476562,5,29,2,1
88.3403274266,27.5784933693,0,334,2382.28637695312,5,8,0.0115107363089919,1395.03723144531,15,51,1,1
88.5501434259,27.7078963851,0,51,3046.10375976562,5,8,0.164791584014893,1442.15600585938,5,20,1,1
88.7553464936,27.3779312722,0,157,3901.60327148438,5,6,0.169739365577698,1317.87170410156,5,30,1,2
88.7799516892,27.4761129171,0,279,4839.1181640625,3,8,-0.0253514163196087,1546.9609375,15,47,1,3
88.1365973974,27.6427117591,0,82,5855.005859375,3,4,-0.0884277895092964,1550.0947265625,15,23,2,3
88.6097723075,27.345047035,0,328,1569.03515625,9,2,0.193766087293625,1269.18322753906,5,9,1,1
88.6580008926,28.071645792,0,304,5216.2421875,1,3,0.0116229234263301,1130.275390625,10,31,1,2
88.4529163388,27.2679369196,0,218,975.782409667969,9,8,0.3042052090168,877.961853027344,5,29,1,2
88.2606573274,27.3391880568,0,145,1217.65563964844,9,9,0.294755071401596,1122.6708984375,5,39,1,1
88.2275990413,27.4305572038,0,49,3186.48974609375,5,8,0.129085898399353,1198.38806152344,5,30,1,1
88.7422918556,27.5135369944,0,241,4278.51953125,5,8,0.010139093734324,1545.60388183594,10,32,1,1
88.4126901712,27.977831996,0,155,5285.349609375,4,5,0.054068885743618,1477.50134277344,5,42,1,2
88.5098944513,27.9270641181,0,94,4816.2294921875,3,5.00422477722168,0.0685433894395828,1432.79406738281,5,20,2,1
88.4992676063,27.6086447289,0,278,3926.32299804688,4,4.17593812942505,0.0747896134853363,1496.87683105469,5,25,1,3
88.6746997898,27.5718197566,0,221,2384.837890625,5,8,0.312909811735153,1521.48352050781,5,58,2,1
88.4985048477,27.956118847,0,121,4736.42578125,3,6,0.125622197985649,1435.77136230469,5,38,2,1
88.5344917808,27.6295809231,0,186,4118.69677734375,3,3.00299334526062,0.0608799755573273,1492.15234375,10,35,2,2
88.7127913883,27.5353849814,0,313,3197.67919921875,5,8,0.00000917184297577478,1519.88488769531,10,40,1,1
88.6269769566,27.4296639474,0,144,2017.95288085938,5,9,0.371025592088699,1335.03784179688,5,43,1,1
88.2250851389,27.5557085961,0,107,5410.501953125,5,4,-0.0053805606439709,1383.78491210938,5,50,2,3
88.330450245,27.1278353692,0,231,640.746032714844,9,9,0.360871762037277,1222.92260742188,5,23,3,1
88.3092622749,27.3401986109,0,129,965.048889160156,9,4.18092727661133,0.292675703763962,1060.72875976562,10,55,1,1
88.2006714088,27.466845295,0,250,3569.84057617188,5,8,0.147627040743828,1249.59216308594,5,21,1,1
88.6448350051,27.7713981249,0,295,4554.0439453125,3,8,-0.0058375750668346,1405.50024414062,10,31,1,2
88.145060533,27.5322741986,0,253,4592.287109375,5,3,-0.0047325924970209,1380.30810546875,5,28,2,2
88.1134836269,27.1622799813,0,332,2455.40844726562,5,8,0.102579556405544,1510.45092773438,15,28,1,1
88.7452933781,27.5241634115,0,166,4476.13818359375,5,6,0.0824288725852966,1551.46118164062,10,26,2,2
88.2801745324,27.6043779182,0,210,3107.763671875,5,3,0.182215929031372,1392.59875488281,15,24,2,1
88.3341638892,27.2137043395,0,143,802.610473632812,11,6.82406187057495,0.227607771754265,1139.22619628906,5,14,1,1
88.6949330043,27.6686543718,0,84,4406.1533203125,5,4.99677324295044,0.0859765559434891,1547.75988769531,5,29,1,3
88.2470849557,27.3364953723,0,235,1175.79870605469,9,8.23618507385254,0.250820904970169,1126.75390625,5,30,4,1
88.4962000373,27.8439147307,0,275,4783.62158203125,3,8,-0.0122127672657371,1395.13159179688,10,60,1.91093170642853,2
88.7187505545,27.9050824076,0,251,4823.16455078125,5,5,0.0681747794151306,1336.05700683594,5,2,1,1
88.6005967014,27.5537347621,0,193,2177.98583984375,5,8.23941230773926,0.333935767412186,1449.44775390625,5,34,1,1
88.2062111783,27.5779673747,0,261,5660.54931640625,5,5,-0.0200932864099741,1427.21862792969,10,58,2,2
88.2097035921,27.6772061226,0,355,6106.47412109375,3,5,-0.0591136440634727,1438.61962890625,20,36,2,3
88.6024084589,27.8067852666,0,347,4407.51318359375,5,8,-0.0090333595871925,1387.35510253906,5,43,1,1
88.5822122113,28.0660542602,0,143,5340.5498046875,2,4,0.0351441986858845,1149.58874511719,5,8,1,1
88.544011614,27.7864909543,0,110,3432.71704101562,5,3.00299334526062,0.187528654932976,1406.49890136719,5,38,1,1
88.639832609,27.9708408294,0,97,5438.43310546875,3,1.01689863204956,0.0045901015400886,1279.83190917969,5,39,1,2
88.6091028223,27.5505284008,0,169,1980.44543457031,4,8,0.278135687112808,1451.818359375,5,35,1,1
88.2094072701,27.5074288119,0,277,4802.74560546875,5,5,0.0437191426753998,1313.9462890625,5,34,2,3
88.4584000879,27.5368679258,0,37,1419.92626953125,4,8,0.264557659626007,1389.904296875,5,21,1,1
88.4367354299,27.9631952938,0,25,4985.6708984375,5,3.01613426208496,0.0470918379724026,1510.46752929688,5,42,1,1
88.6800374932,28.0433532183,0,331,5046.06005859375,1,2.64631366729736,0.0079055596143007,1195.80627441406,10,4,1,1
88.3132133423,27.9224224148,0,208,5178.3828125,5,6,0.0883589461445808,1334.48400878906,5,13,1,1
88.7819090866,27.607418434,0,143,4652.27880859375,5,5.99231481552124,0.112141244113445,1569.67370605469,10,7,2,2
88.4134381608,27.350825177,0,108,2909.69360351562,9,8,0.269830107688904,837.0654296875,5,35,4,3
88.7638635243,28.0671923045,0,88,5374.98486328125,10,5,0.0752789154648781,1144.76159667969,5,14,1,3
88.506093594,27.1377393688,0,175,254.663330078125,9,4.05525827407837,0.161799162626266,1118.36340332031,10,7,1,1
88.3303378414,27.4858897474,0,129,2823.43383789062,5,7.99501085281372,0.206904381513596,1251.88500976562,10,40,2,1
88.4399963801,27.6584256632,0,239,4083.87963867188,5,4.23941230773926,-0.0304440874606371,1515.52319335938,5,30,1,2
88.4726294628,27.4026803891,0,162,2486.10595703125,9,8.23618507385254,0.338501811027527,1012.13262939453,5,25,1,3
88.2773963661,27.5072664383,0,150,5344.15771484375,5,4.23518753051758,-0.0611437670886517,1291.53625488281,10,16,1,2
88.4590268874,27.7677663137,0,47,3771.56787109375,5,8,0.135130539536476,1401.91345214844,5,29,1,1
88.7242304777,27.7065387252,0,187,4604.890625,5,4.23941230773926,0.0355339534580708,1531.95166015625,5,19,1,2
88.1679301917,27.414113299,0,53,3051.93579101562,5,8,0.0944367796182632,1181.15734863281,5,29,1,1
88.5031684781,27.9526112062,0,290,4599.953125,3,7.99501085281372,0.0552282780408859,1427.87133789062,5,31,2,1
88.4574604762,27.721016562,0,270,4239.7783203125,5,3,0.0514565370976925,1458.77502441406,5,18,2,1
88.6521281423,27.9949659238,0,345,6079.47705078125,5,8,-0.0423039123415947,1259.7900390625,10,51,2,3
88.3426359356,27.6900404677,0,88,4314.6982421875,3,4,-0.0049894456751644,1428.50280761719,10,22,2,1
88.7924203848,27.9179337283,0,147,5575.7314453125,3,4,-0.0448463745415211,1342.97314453125,5,18,2,2
88.2547409878,27.6348606238,0,142,4433.47900390625,5,1.94474184513092,0.0005405232077464,1414.37475585938,15,35,2,1
88.7138557141,27.7497824404,0,117,4718.33203125,5,5.0029935836792,0.0734895169734955,1482.61010742188,5,51,2,2
